2045.0,1885.0,357510.0
2044.0,1882.0,357612.0
2045.0,1875.0,357714.0
2045.0,1873.0,357816.0
2045.0,1867.0,357918.0
2046.0,1864.0,358020.0
2044.0,1861.0,358122.0
2045.0,1860.0,358224.0
2045.0,1857.0,358326.0
2045.0,1855.0,358428.0
2044.0,1851.0,358530.0
2046.0,1852.0,358632.0
2046.0,1849.0,358734.0
2045.0,1850.0,358836.0
2046.0,1857.0,358938.0
2046.0,1881.0,359040.0
2046.0,1923.0,359142.0
2046.0,1963.0,359244.0
2045.0,1991.0,359346.0
2046.0,2016.0,359448.0
2038.0,2055.0,359550.0
2039.0,2123.0,359652.0
2039.0,2169.0,359754.0
2038.0,2177.0,359856.0
2039.0,2177.0,359958.0
2037.0,2203.0,360060.0
2038.0,2254.0,360162.0
2040.0,2285.0,360264.0
2039.0,2278.0,360366.0
2040.0,2251.0,360468.0
2039.0,2227.0,360570.0
2039.0,2193.0,360672.0
2041.0,2153.0,360774.0
2041.0,2123.0,360876.0
2041.0,2121.0,360978.0
2043.0,2161.0,361080.0
2046.0,2148.0,361182.0
2047.0,2118.0,361284.0
2048.0,2117.0,361386.0
2050.0,2117.0,361488.0
2047.0,2059.0,361590.0
2056.0,2023.0,361692.0
2054.0,1983.0,361794.0
2056.0,1943.0,361896.0
2052.0,1912.0,361998.0
2053.0,1887.0,362100.0
2051.0,1872.0,362202.0
2052.0,1854.0,362304.0
2053.0,1823.0,362406.0
2052.0,1804.0,362508.0
2051.0,1785.0,362610.0
2052.0,1770.0,362712.0
2052.0,1756.0,362814.0
2051.0,1747.0,362916.0
2051.0,1735.0,363018.0
2050.0,1721.0,363120.0
2051.0,1723.0,363222.0
2049.0,1718.0,363324.0
2050.0,1715.0,363426.0
2049.0,1703.0,363528.0
2051.0,1678.0,363630.0
2052.0,1665.0,363732.0
2050.0,1659.0,363834.0
2051.0,1654.0,363936.0
2050.0,1654.0,364038.0
2050.0,1640.0,364140.0
2051.0,1629.0,364242.0
2049.0,1663.0,364344.0
2051.0,1679.0,364446.0
2052.0,1699.0,364548.0
2050.0,1819.0,364650.0
2050.0,1891.0,364752.0
2050.0,1922.0,364854.0
2048.0,1898.0,364956.0
2050.0,1862.0,365058.0
2050.0,1840.0,365160.0
2047.0,1893.0,365262.0
2050.0,1983.0,365364.0
2041.0,2066.0,365466.0
2041.0,2171.0,365568.0
2042.0,2241.0,365670.0
2041.0,2244.0,365772.0
2041.0,2241.0,365874.0
2040.0,2245.0,365976.0
2041.0,2252.0,366078.0
2041.0,2219.0,366180.0
2040.0,2294.0,366282.0
2039.0,2325.0,366384.0
2040.0,2261.0,366486.0
2041.0,2210.0,366588.0
2040.0,2147.0,366690.0
2041.0,2104.0,366792.0
2041.0,2083.0,366894.0
2040.0,2074.0,366996.0
2047.0,2039.0,367098.0
2050.0,2022.0,367200.0
2047.0,1997.0,367302.0
2047.0,1957.0,367404.0
2050.0,1923.0,367506.0
2047.0,1903.0,367608.0
2047.0,1883.0,367710.0
2049.0,1867.0,367812.0
2049.0,1856.0,367914.0
2051.0,1843.0,368016.0
2047.0,1831.0,368118.0
2049.0,1818.0,368220.0
2050.0,1806.0,368322.0
2049.0,1791.0,368424.0
2047.0,1784.0,368526.0
2050.0,1774.0,368628.0
2047.0,1764.0,368730.0
2049.0,1757.0,368832.0
2050.0,1750.0,368934.0
2050.0,1747.0,369036.0
2049.0,1745.0,369138.0
2047.0,1770.0,369240.0
2050.0,1785.0,369342.0
2050.0,1747.0,369444.0
2051.0,1725.0,369546.0
2050.0,1719.0,369648.0
2047.0,1711.0,369750.0
2051.0,1703.0,369852.0
2050.0,1703.0,369954.0
2049.0,1701.0,370056.0
2049.0,1704.0,370158.0
2047.0,1683.0,370260.0
2050.0,1667.0,370362.0
2050.0,1657.0,370464.0
2047.0,1658.0,370566.0
2049.0,1717.0,370668.0
2047.0,1706.0,370770.0
2049.0,1678.0,370872.0
2049.0,1666.0,370974.0
2047.0,1667.0,371076.0
2049.0,1668.0,371178.0
2047.0,1679.0,371280.0
2049.0,1725.0,371382.0
2049.0,1778.0,371484.0
2047.0,1809.0,371586.0
2047.0,1785.0,371688.0
2047.0,1861.0,371790.0
2047.0,1843.0,371892.0
2047.0,1815.0,371994.0
2047.0,1811.0,372096.0
2047.0,1844.0,372198.0
2047.0,1871.0,372300.0
2047.0,1838.0,372402.0
2047.0,1801.0,372504.0
2047.0,1795.0,372606.0
2046.0,1791.0,372708.0
2047.0,1815.0,372810.0
2047.0,1861.0,372912.0
2046.0,1895.0,373014.0
2047.0,1873.0,373116.0
2045.0,1847.0,373218.0
2047.0,1842.0,373320.0
2047.0,1839.0,373422.0
2046.0,1850.0,373524.0
2045.0,1845.0,373626.0
2046.0,1845.0,373728.0
2046.0,1837.0,373830.0
2045.0,1831.0,373932.0
2047.0,1870.0,374034.0
2047.0,1935.0,374136.0
2047.0,1922.0,374238.0
2047.0,1901.0,374340.0
2047.0,1903.0,374442.0
2047.0,1887.0,374544.0
2047.0,1853.0,374646.0
2047.0,1838.0,374748.0
2046.0,1829.0,374850.0
2046.0,1817.0,374952.0
2047.0,1807.0,375054.0
2047.0,1835.0,375156.0
2047.0,1827.0,375258.0
2048.0,1800.0,375360.0
2046.0,1787.0,375462.0
2047.0,1767.0,375564.0
2047.0,1763.0,375666.0
2049.0,1758.0,375768.0
2048.0,1754.0,375870.0
2046.0,1766.0,375972.0
2047.0,1754.0,376074.0
2047.0,1759.0,376176.0
2047.0,1751.0,376278.0
2047.0,1734.0,376380.0
2046.0,1730.0,376482.0
2046.0,1731.0,376584.0
2046.0,1725.0,376686.0
2047.0,1713.0,376788.0
2046.0,1714.0,376890.0
2046.0,1713.0,376992.0
2046.0,1700.0,377094.0
2046.0,1693.0,377196.0
2046.0,1683.0,377298.0
2047.0,1678.0,377400.0
2046.0,1672.0,377502.0
2045.0,1661.0,377604.0
2048.0,1660.0,377706.0
2047.0,1656.0,377808.0
2046.0,1651.0,377910.0
2047.0,1649.0,378012.0
2047.0,1643.0,378114.0
2047.0,1639.0,378216.0
2047.0,1635.0,378318.0
2047.0,1635.0,378420.0
2047.0,1647.0,378522.0
2047.0,1652.0,378624.0
2047.0,1643.0,378726.0
2047.0,1643.0,378828.0
2047.0,1710.0,378930.0
2045.0,1851.0,379032.0
2046.0,1990.0,379134.0
2039.0,2094.0,379236.0
2039.0,2081.0,379338.0
2046.0,2015.0,379440.0
2047.0,1955.0,379542.0
2047.0,1917.0,379644.0
2047.0,1888.0,379746.0
2049.0,1860.0,379848.0
2047.0,1833.0,379950.0
2049.0,1819.0,380052.0
2048.0,1818.0,380154.0
2047.0,1802.0,380256.0
2047.0,1777.0,380358.0
2046.0,1759.0,380460.0
2047.0,1738.0,380562.0
2047.0,1718.0,380664.0
2047.0,1700.0,380766.0
2047.0,1697.0,380868.0
2047.0,1701.0,380970.0
2047.0,1702.0,381072.0
2047.0,1702.0,381174.0
2047.0,1693.0,381276.0
2048.0,1684.0,381378.0
2048.0,1679.0,381480.0
2050.0,1683.0,381582.0
2047.0,1685.0,381684.0
2047.0,1675.0,381786.0
2050.0,1688.0,381888.0
2049.0,1766.0,381990.0
2047.0,1845.0,382092.0
2047.0,1867.0,382194.0
2047.0,1861.0,382296.0
2047.0,1853.0,382398.0
2049.0,1832.0,382500.0
2049.0,1811.0,382602.0
2048.0,1795.0,382704.0
2047.0,1775.0,382806.0
2049.0,1763.0,382908.0
2047.0,1762.0,383010.0
2047.0,1763.0,383112.0
2049.0,1760.0,383214.0
2049.0,1749.0,383316.0
2049.0,1743.0,383418.0
2049.0,1743.0,383520.0
2050.0,1746.0,383622.0
2050.0,1743.0,383724.0
2051.0,1739.0,383826.0
2049.0,1741.0,383928.0
2051.0,1746.0,384030.0
2052.0,1762.0,384132.0
2051.0,1766.0,384234.0
2050.0,1780.0,384336.0
2050.0,1790.0,384438.0
2051.0,1783.0,384540.0
2052.0,1778.0,384642.0
2052.0,1769.0,384744.0
2052.0,1751.0,384846.0
2052.0,1741.0,384948.0
2052.0,1737.0,385050.0
2050.0,1741.0,385152.0
2050.0,1751.0,385254.0
2050.0,1757.0,385356.0
2051.0,1771.0,385458.0
2050.0,1791.0,385560.0
2051.0,1809.0,385662.0
2051.0,1803.0,385764.0
2052.0,1796.0,385866.0
2052.0,1791.0,385968.0
2051.0,1786.0,386070.0
2052.0,1779.0,386172.0
2051.0,1772.0,386274.0
2051.0,1767.0,386376.0
2052.0,1760.0,386478.0
2052.0,1779.0,386580.0
2052.0,1825.0,386682.0
2051.0,1846.0,386784.0
2051.0,1887.0,386886.0
2051.0,1978.0,386988.0
2051.0,2010.0,387090.0
2042.0,2105.0,387192.0
2042.0,2165.0,387294.0
2042.0,2162.0,387396.0
2041.0,2135.0,387498.0
2041.0,2102.0,387600.0
2043.0,2078.0,387702.0
2042.0,2064.0,387804.0
2051.0,2041.0,387906.0
2052.0,2027.0,388008.0
2051.0,2019.0,388110.0
2050.0,2015.0,388212.0
2052.0,2011.0,388314.0
2052.0,2010.0,388416.0
2052.0,2011.0,388518.0
2053.0,2003.0,388620.0
2051.0,2007.0,388722.0
2052.0,1992.0,388824.0
2050.0,1979.0,388926.0
2052.0,1974.0,389028.0
2054.0,1969.0,389130.0
2050.0,1971.0,389232.0
2051.0,1980.0,389334.0
2051.0,1976.0,389436.0
2052.0,1971.0,389538.0
2052.0,1965.0,389640.0
2052.0,1963.0,389742.0
2050.0,1966.0,389844.0
2052.0,1955.0,389946.0
2051.0,1945.0,390048.0
2051.0,1942.0,390150.0
2052.0,1933.0,390252.0
2052.0,1920.0,390354.0
2051.0,1915.0,390456.0
2051.0,1910.0,390558.0
2053.0,1910.0,390660.0
2053.0,1963.0,390762.0
2044.0,2099.0,390864.0
2043.0,2277.0,390966.0
2040.0,2449.0,391068.0
2040.0,2585.0,391170.0
2041.0,2667.0,391272.0
2040.0,2697.0,391374.0
2040.0,2723.0,391476.0
2041.0,2753.0,391578.0
2040.0,2758.0,391680.0
2042.0,2743.0,391782.0
2040.0,2729.0,391884.0
2041.0,2715.0,391986.0
2041.0,2706.0,392088.0
2042.0,2695.0,392190.0
2043.0,2682.0,392292.0
2044.0,2671.0,392394.0
2046.0,2654.0,392496.0
2047.0,2634.0,392598.0
2050.0,2609.0,392700.0
2049.0,2591.0,392802.0
2052.0,2597.0,392904.0
2047.0,2579.0,393006.0
2051.0,2553.0,393108.0
2052.0,2526.0,393210.0
2052.0,2504.0,393312.0
2050.0,2486.0,393414.0
2051.0,2471.0,393516.0
2049.0,2461.0,393618.0
2049.0,2451.0,393720.0
2050.0,2442.0,393822.0
2051.0,2435.0,393924.0
2051.0,2426.0,394026.0
2051.0,2417.0,394128.0
2051.0,2408.0,394230.0
2051.0,2401.0,394332.0
2053.0,2392.0,394434.0
2051.0,2392.0,394536.0
2051.0,2394.0,394638.0
2047.0,2395.0,394740.0
2050.0,2410.0,394842.0
2049.0,2434.0,394944.0
2047.0,2451.0,395046.0
2047.0,2460.0,395148.0
2047.0,2465.0,395250.0
2046.0,2470.0,395352.0
2046.0,2481.0,395454.0
2046.0,2509.0,395556.0
2046.0,2507.0,395658.0
2045.0,2501.0,395760.0
2046.0,2489.0,395862.0
2045.0,2481.0,395964.0
2046.0,2469.0,396066.0
2047.0,2462.0,396168.0
2047.0,2454.0,396270.0
2047.0,2444.0,396372.0
2049.0,2439.0,396474.0
2048.0,2432.0,396576.0
2047.0,2427.0,396678.0
2051.0,2418.0,396780.0
2054.0,2417.0,396882.0
2054.0,2408.0,396984.0
2056.0,2390.0,397086.0
2057.0,2379.0,397188.0
2057.0,2375.0,397290.0
2060.0,2363.0,397392.0
2062.0,2351.0,397494.0
2064.0,2346.0,397596.0
2064.0,2346.0,397698.0
2064.0,2343.0,397800.0
2064.0,2328.0,397902.0
2064.0,2313.0,398004.0
2064.0,2305.0,398106.0
2064.0,2304.0,398208.0
2066.0,2301.0,398310.0
2064.0,2302.0,398412.0
2062.0,2305.0,398514.0
2066.0,2303.0,398616.0
2064.0,2299.0,398718.0
2064.0,2291.0,398820.0
2064.0,2286.0,398922.0
2064.0,2280.0,399024.0
2065.0,2276.0,399126.0
2065.0,2275.0,399228.0
2064.0,2274.0,399330.0
2064.0,2266.0,399432.0
2061.0,2257.0,399534.0
2059.0,2264.0,399636.0
2056.0,2295.0,399738.0
2054.0,2338.0,399840.0
2052.0,2371.0,399942.0
2053.0,2396.0,400044.0
2050.0,2415.0,400146.0
2051.0,2423.0,400248.0
2047.0,2435.0,400350.0
2047.0,2430.0,400452.0
2049.0,2424.0,400554.0
2047.0,2414.0,400656.0
2048.0,2404.0,400758.0
2047.0,2394.0,400860.0
2047.0,2385.0,400962.0
2047.0,2378.0,401064.0
2047.0,2372.0,401166.0
2047.0,2367.0,401268.0
2049.0,2358.0,401370.0
2049.0,2350.0,401472.0
2051.0,2339.0,401574.0
2052.0,2339.0,401676.0
2051.0,2330.0,401778.0
2054.0,2318.0,401880.0
2054.0,2314.0,401982.0
2055.0,2320.0,402084.0
2056.0,2318.0,402186.0
2058.0,2312.0,402288.0
2057.0,2298.0,402390.0
2057.0,2283.0,402492.0
2058.0,2275.0,402594.0
2059.0,2263.0,402696.0
2060.0,2255.0,402798.0
2060.0,2247.0,402900.0
2059.0,2242.0,403002.0
2060.0,2243.0,403104.0
2062.0,2251.0,403206.0
2064.0,2258.0,403308.0
2061.0,2255.0,403410.0
2060.0,2257.0,403512.0
2060.0,2255.0,403614.0
2059.0,2250.0,403716.0
2057.0,2246.0,403818.0
2056.0,2244.0,403920.0
2057.0,2238.0,404022.0
2055.0,2232.0,404124.0
2055.0,2226.0,404226.0
2054.0,2219.0,404328.0
2054.0,2219.0,404430.0
2053.0,2232.0,404532.0
2053.0,2254.0,404634.0
2053.0,2282.0,404736.0
2052.0,2314.0,404838.0
2051.0,2347.0,404940.0
2050.0,2367.0,405042.0
2050.0,2365.0,405144.0
2047.0,2363.0,405246.0
2050.0,2354.0,405348.0
2047.0,2339.0,405450.0
2049.0,2328.0,405552.0
2049.0,2318.0,405654.0
2047.0,2311.0,405756.0
2049.0,2308.0,405858.0
2047.0,2303.0,405960.0
2048.0,2291.0,406062.0
2050.0,2277.0,406164.0
2047.0,2273.0,406266.0
2047.0,2267.0,406368.0
2050.0,2265.0,406470.0
2050.0,2262.0,406572.0
2049.0,2255.0,406674.0
2049.0,2247.0,406776.0
2050.0,2245.0,406878.0
2052.0,2243.0,406980.0
2051.0,2243.0,407082.0
2051.0,2248.0,407184.0
2051.0,2248.0,407286.0
2051.0,2243.0,407388.0
2051.0,2239.0,407490.0
2053.0,2232.0,407592.0
2052.0,2224.0,407694.0
2049.0,2218.0,407796.0
2050.0,2211.0,407898.0
2052.0,2203.0,408000.0
2051.0,2193.0,408102.0
2050.0,2187.0,408204.0
2049.0,2186.0,408306.0
2050.0,2199.0,408408.0
2050.0,2224.0,408510.0
2049.0,2261.0,408612.0
2050.0,2299.0,408714.0
2051.0,2319.0,408816.0
2049.0,2326.0,408918.0
2047.0,2321.0,409020.0
2047.0,2307.0,409122.0
2047.0,2291.0,409224.0
2047.0,2282.0,409326.0
2047.0,2272.0,409428.0
2047.0,2266.0,409530.0
2049.0,2259.0,409632.0
2047.0,2255.0,409734.0
2048.0,2250.0,409836.0
2047.0,2251.0,409938.0
2047.0,2251.0,410040.0
2051.0,2241.0,410142.0
2052.0,2232.0,410244.0
2051.0,2220.0,410346.0
2053.0,2205.0,410448.0
2053.0,2194.0,410550.0
2054.0,2182.0,410652.0
2054.0,2181.0,410754.0
2056.0,2186.0,410856.0
2056.0,2187.0,410958.0
2056.0,2186.0,411060.0
2057.0,2183.0,411162.0
2059.0,2176.0,411264.0
2058.0,2167.0,411366.0
2060.0,2158.0,411468.0
2060.0,2153.0,411570.0
2059.0,2149.0,411672.0
2060.0,2144.0,411774.0
2059.0,2138.0,411876.0
2057.0,2131.0,411978.0
2058.0,2121.0,412080.0
2058.0,2115.0,412182.0
2056.0,2111.0,412284.0
2055.0,2115.0,412386.0
2055.0,2127.0,412488.0
2053.0,2159.0,412590.0
2054.0,2206.0,412692.0
2053.0,2274.0,412794.0
2053.0,2349.0,412896.0
2052.0,2386.0,412998.0
2052.0,2408.0,413100.0
2051.0,2408.0,413202.0
2052.0,2395.0,413304.0
2052.0,2384.0,413406.0
2051.0,2373.0,413508.0
2050.0,2365.0,413610.0
2051.0,2359.0,413712.0
2050.0,2353.0,413814.0
2050.0,2346.0,413916.0
2052.0,2338.0,414018.0
2052.0,2333.0,414120.0
2052.0,2329.0,414222.0
2053.0,2327.0,414324.0
2053.0,2312.0,414426.0
2054.0,2305.0,414528.0
2054.0,2297.0,414630.0
2054.0,2283.0,414732.0
2055.0,2263.0,414834.0
2054.0,2243.0,414936.0
2054.0,2238.0,415038.0
2056.0,2235.0,415140.0
2054.0,2231.0,415242.0
2055.0,2230.0,415344.0
2055.0,2225.0,415446.0
2055.0,2219.0,415548.0
2055.0,2215.0,415650.0
2055.0,2213.0,415752.0
2055.0,2211.0,415854.0
2056.0,2208.0,415956.0
2056.0,2199.0,416058.0
2059.0,2194.0,416160.0
2057.0,2186.0,416262.0
2057.0,2181.0,416364.0
2057.0,2179.0,416466.0
2057.0,2176.0,416568.0
2058.0,2181.0,416670.0
2057.0,2197.0,416772.0
2057.0,2225.0,416874.0
2056.0,2240.0,416976.0
2055.0,2247.0,417078.0
2056.0,2251.0,417180.0
2053.0,2256.0,417282.0
2053.0,2257.0,417384.0
2054.0,2251.0,417486.0
2054.0,2250.0,417588.0
2051.0,2239.0,417690.0
2052.0,2232.0,417792.0
2051.0,2226.0,417894.0
2054.0,2215.0,417996.0
2052.0,2209.0,418098.0
2052.0,2206.0,418200.0
2052.0,2199.0,418302.0
2051.0,2195.0,418404.0
2052.0,2187.0,418506.0
2051.0,2179.0,418608.0
2052.0,2176.0,418710.0
2051.0,2174.0,418812.0
2051.0,2171.0,418914.0
2051.0,2168.0,419016.0
2051.0,2167.0,419118.0
2052.0,2165.0,419220.0
2052.0,2163.0,419322.0
2052.0,2163.0,419424.0
2051.0,2163.0,419526.0
2051.0,2163.0,419628.0
2051.0,2163.0,419730.0
2049.0,2160.0,419832.0
2050.0,2160.0,419934.0
2051.0,2157.0,420036.0
2050.0,2154.0,420138.0
2051.0,2152.0,420240.0
2050.0,2157.0,420342.0
2052.0,2160.0,420444.0
2051.0,2158.0,420546.0
2050.0,2157.0,420648.0
2051.0,2153.0,420750.0
2052.0,2153.0,420852.0
2050.0,2149.0,420954.0
2050.0,2146.0,421056.0
2050.0,2147.0,421158.0
2049.0,2144.0,421260.0
2050.0,2137.0,421362.0
2051.0,2132.0,421464.0
2050.0,2126.0,421566.0
2050.0,2123.0,421668.0
2051.0,2120.0,421770.0
2050.0,2119.0,421872.0
2050.0,2118.0,421974.0
2049.0,2115.0,422076.0
2047.0,2114.0,422178.0
2051.0,2113.0,422280.0
2050.0,2110.0,422382.0
2051.0,2110.0,422484.0
2051.0,2107.0,422586.0
2050.0,2105.0,422688.0
2050.0,2106.0,422790.0
2050.0,2107.0,422892.0
2050.0,2107.0,422994.0
2050.0,2106.0,423096.0
2050.0,2105.0,423198.0
2050.0,2107.0,423300.0
2050.0,2105.0,423402.0
2050.0,2103.0,423504.0
2049.0,2101.0,423606.0
2050.0,2099.0,423708.0
2049.0,2098.0,423810.0
2049.0,2097.0,423912.0
2049.0,2096.0,424014.0
2050.0,2095.0,424116.0
2050.0,2095.0,424218.0
2047.0,2095.0,424320.0
2050.0,2095.0,424422.0
2051.0,2093.0,424524.0
2050.0,2093.0,424626.0
2052.0,2093.0,424728.0
2050.0,2093.0,424830.0
2050.0,2103.0,424932.0
2051.0,2123.0,425034.0
2047.0,2131.0,425136.0
2047.0,2128.0,425238.0
2052.0,2125.0,425340.0
2052.0,2130.0,425442.0
2051.0,2128.0,425544.0
2047.0,2124.0,425646.0
2049.0,2117.0,425748.0
2050.0,2113.0,425850.0
2049.0,2109.0,425952.0
2050.0,2105.0,426054.0
2050.0,2104.0,426156.0
2050.0,2099.0,426258.0
2050.0,2095.0,426360.0
2050.0,2089.0,426462.0
2050.0,2084.0,426564.0
2050.0,2082.0,426666.0
2050.0,2083.0,426768.0
2052.0,2083.0,426870.0
2050.0,2082.0,426972.0
2050.0,2080.0,427074.0
2051.0,2076.0,427176.0
2051.0,2070.0,427278.0
2051.0,2066.0,427380.0
2051.0,2063.0,427482.0
2050.0,2060.0,427584.0
2051.0,2059.0,427686.0
2049.0,2058.0,427788.0
2053.0,2057.0,427890.0
2051.0,2054.0,427992.0
2050.0,2053.0,428094.0
2052.0,2051.0,428196.0
2059.0,2047.0,428298.0
2060.0,2047.0,428400.0
2059.0,2047.0,428502.0
2059.0,2047.0,428604.0
2059.0,2046.0,428706.0
2058.0,2043.0,428808.0
2059.0,2043.0,428910.0
2058.0,2043.0,429012.0
2057.0,2047.0,429114.0
2057.0,2047.0,429216.0
2058.0,2044.0,429318.0
2058.0,2043.0,429420.0
2058.0,2041.0,429522.0
2059.0,2042.0,429624.0
2058.0,2038.0,429726.0
2058.0,2035.0,429828.0
2059.0,2035.0,429930.0
2059.0,2035.0,430032.0
2058.0,2035.0,430134.0
2058.0,2035.0,430236.0
2059.0,2037.0,430338.0
2058.0,2039.0,430440.0
2058.0,2046.0,430542.0
2050.0,2052.0,430644.0
2051.0,2053.0,430746.0
2057.0,2047.0,430848.0
2058.0,2047.0,430950.0
2059.0,2043.0,431052.0
2058.0,2042.0,431154.0
2057.0,2039.0,431256.0
2058.0,2035.0,431358.0
2058.0,2034.0,431460.0
2058.0,2031.0,431562.0
2059.0,2029.0,431664.0
2059.0,2030.0,431766.0
2059.0,2028.0,431868.0
2058.0,2027.0,431970.0
2058.0,2027.0,432072.0
2058.0,2027.0,432174.0
2057.0,2046.0,432276.0
2057.0,2046.0,432378.0
2057.0,2037.0,432480.0
2058.0,2029.0,432582.0
2058.0,2028.0,432684.0
2056.0,2031.0,432786.0
2058.0,2031.0,432888.0
2058.0,2026.0,432990.0
2056.0,2022.0,433092.0
2057.0,2021.0,433194.0
2057.0,2022.0,433296.0
2057.0,2019.0,433398.0
2058.0,2019.0,433500.0
2057.0,2030.0,433602.0
2056.0,2039.0,433704.0
2057.0,2031.0,433806.0
2056.0,2025.0,433908.0
2056.0,2025.0,434010.0
2057.0,2027.0,434112.0
2055.0,2024.0,434214.0
2056.0,2019.0,434316.0
2057.0,2015.0,434418.0
2056.0,2013.0,434520.0
2057.0,2011.0,434622.0
2056.0,2013.0,434724.0
2055.0,2016.0,434826.0
2056.0,2022.0,434928.0
2056.0,2028.0,435030.0
2056.0,2031.0,435132.0
2055.0,2033.0,435234.0
2055.0,2031.0,435336.0
2056.0,2031.0,435438.0
2056.0,2030.0,435540.0
2057.0,2030.0,435642.0
2055.0,2026.0,435744.0
2056.0,2026.0,435846.0
2057.0,2023.0,435948.0
2057.0,2022.0,436050.0
2056.0,2019.0,436152.0
2056.0,2020.0,436254.0
2056.0,2020.0,436356.0
2056.0,2019.0,436458.0
2058.0,2018.0,436560.0
2056.0,2019.0,436662.0
2057.0,2016.0,436764.0
2057.0,2015.0,436866.0
2056.0,2013.0,436968.0
2056.0,2013.0,437070.0
2056.0,2010.0,437172.0
2055.0,2011.0,437274.0
2056.0,2011.0,437376.0
2056.0,2019.0,437478.0
2056.0,2035.0,437580.0
2056.0,2044.0,437682.0
2056.0,2035.0,437784.0
2056.0,2024.0,437886.0
2057.0,2016.0,437988.0
2057.0,2013.0,438090.0
2056.0,2010.0,438192.0
2056.0,2008.0,438294.0
2056.0,2021.0,438396.0
2056.0,2037.0,438498.0
2057.0,2036.0,438600.0
2056.0,2031.0,438702.0
2057.0,2027.0,438804.0
2056.0,2027.0,438906.0
2056.0,2029.0,439008.0
2056.0,2033.0,439110.0
2056.0,2033.0,439212.0
2056.0,2029.0,439314.0
2055.0,2027.0,439416.0
2056.0,2022.0,439518.0
2055.0,2023.0,439620.0
2055.0,2047.0,439722.0
2049.0,2057.0,439824.0
2048.0,2057.0,439926.0
2056.0,2047.0,440028.0
2055.0,2039.0,440130.0
2055.0,2031.0,440232.0
2055.0,2029.0,440334.0
2056.0,2024.0,440436.0
2057.0,2019.0,440538.0
2056.0,2019.0,440640.0
2058.0,2015.0,440742.0
2056.0,2014.0,440844.0
2056.0,2015.0,440946.0
2057.0,2011.0,441048.0
2057.0,2011.0,441150.0
2056.0,2011.0,441252.0
2056.0,2008.0,441354.0
2057.0,2006.0,441456.0
2057.0,2003.0,441558.0
2058.0,2001.0,441660.0
2057.0,1999.0,441762.0
2056.0,1996.0,441864.0
2056.0,1995.0,441966.0
2056.0,1995.0,442068.0
2058.0,1993.0,442170.0
2056.0,1991.0,442272.0
2056.0,1992.0,442374.0
2058.0,1988.0,442476.0
2056.0,1988.0,442578.0
2056.0,1986.0,442680.0
2056.0,1985.0,442782.0
2056.0,1983.0,442884.0
2057.0,1982.0,442986.0
2057.0,1979.0,443088.0
2058.0,1977.0,443190.0
2058.0,1979.0,443292.0
2058.0,1979.0,443394.0
2057.0,1979.0,443496.0
2058.0,1981.0,443598.0
2057.0,1980.0,443700.0
2059.0,1976.0,443802.0
2058.0,1975.0,443904.0
2059.0,1978.0,444006.0
2058.0,1999.0,444108.0
2056.0,2025.0,444210.0
2051.0,2067.0,444312.0
2050.0,2123.0,444414.0
2050.0,2185.0,444516.0
2050.0,2248.0,444618.0
2049.0,2299.0,444720.0
2049.0,2333.0,444822.0
2049.0,2349.0,444924.0
2049.0,2354.0,445026.0
2050.0,2362.0,445128.0
2047.0,2371.0,445230.0
2050.0,2363.0,445332.0
2050.0,2352.0,445434.0
2050.0,2339.0,445536.0
2047.0,2330.0,445638.0
2050.0,2318.0,445740.0
2051.0,2310.0,445842.0
2050.0,2296.0,445944.0
2051.0,2280.0,446046.0
2051.0,2269.0,446148.0
2050.0,2259.0,446250.0
2051.0,2253.0,446352.0
2051.0,2249.0,446454.0
2052.0,2243.0,446556.0
2051.0,2231.0,446658.0
2051.0,2217.0,446760.0
2052.0,2208.0,446862.0
2051.0,2203.0,446964.0
2051.0,2202.0,447066.0
2051.0,2197.0,447168.0
2052.0,2191.0,447270.0
2052.0,2181.0,447372.0
2051.0,2171.0,447474.0
2052.0,2163.0,447576.0
2052.0,2154.0,447678.0
2053.0,2143.0,447780.0
2052.0,2162.0,447882.0
2052.0,2202.0,447984.0
2052.0,2240.0,448086.0
2052.0,2255.0,448188.0
2051.0,2243.0,448290.0
2051.0,2216.0,448392.0
2051.0,2219.0,448494.0
2052.0,2209.0,448596.0
2052.0,2187.0,448698.0
2051.0,2168.0,448800.0
2050.0,2117.0,448902.0
2051.0,2099.0,449004.0
2052.0,2091.0,449106.0
2050.0,2093.0,449208.0
2051.0,2087.0,449310.0
2049.0,2077.0,449412.0
2051.0,2114.0,449514.0
2049.0,2129.0,449616.0
2049.0,2141.0,449718.0
2049.0,2140.0,449820.0
2049.0,2140.0,449922.0
2050.0,2147.0,450024.0
2049.0,2144.0,450126.0
2049.0,2126.0,450228.0
2049.0,2103.0,450330.0
2050.0,2092.0,450432.0
2050.0,2098.0,450534.0
2047.0,2170.0,450636.0
2049.0,2184.0,450738.0
2047.0,2169.0,450840.0
2050.0,2151.0,450942.0
2049.0,2133.0,451044.0
2050.0,2127.0,451146.0
2050.0,2128.0,451248.0
2050.0,2115.0,451350.0
2050.0,2123.0,451452.0
2050.0,2130.0,451554.0
2049.0,2128.0,451656.0
2050.0,2116.0,451758.0
2050.0,2106.0,451860.0
2051.0,2099.0,451962.0
2051.0,2099.0,452064.0
2050.0,2102.0,452166.0
2051.0,2104.0,452268.0
2050.0,2100.0,452370.0
2052.0,2101.0,452472.0
2050.0,2122.0,452574.0
2049.0,2152.0,452676.0
2049.0,2149.0,452778.0
2049.0,2160.0,452880.0
2049.0,2155.0,452982.0
2050.0,2119.0,453084.0
2050.0,2102.0,453186.0
2049.0,2095.0,453288.0
2050.0,2074.0,453390.0
2048.0,2059.0,453492.0
2057.0,2047.0,453594.0
2057.0,2042.0,453696.0
2057.0,2047.0,453798.0
2049.0,2067.0,453900.0
2050.0,2059.0,454002.0
2057.0,2047.0,454104.0
2057.0,2037.0,454206.0
2056.0,2031.0,454308.0
2057.0,2029.0,454410.0
2057.0,2018.0,454512.0
2057.0,2007.0,454614.0
2058.0,1999.0,454716.0
2059.0,1994.0,454818.0
2057.0,1990.0,454920.0
2058.0,1986.0,455022.0
2057.0,1986.0,455124.0
2058.0,1987.0,455226.0
2057.0,1985.0,455328.0
2058.0,1983.0,455430.0
2057.0,1992.0,455532.0
2057.0,1995.0,455634.0
2058.0,1989.0,455736.0
2058.0,1986.0,455838.0
2058.0,1981.0,455940.0
2058.0,1983.0,456042.0
2058.0,1987.0,456144.0
2059.0,1987.0,456246.0
2059.0,1992.0,456348.0
2059.0,1992.0,456450.0
2059.0,1983.0,456552.0
2058.0,1979.0,456654.0
2058.0,1983.0,456756.0
2058.0,1983.0,456858.0
2058.0,1995.0,456960.0
2059.0,1994.0,457062.0
2059.0,1979.0,457164.0
2059.0,1967.0,457266.0
2058.0,1959.0,457368.0
2058.0,1950.0,457470.0
2059.0,1951.0,457572.0
2058.0,1965.0,457674.0
2059.0,1983.0,457776.0
2058.0,1987.0,457878.0
2060.0,1987.0,457980.0
2059.0,1983.0,458082.0
2060.0,1976.0,458184.0
2060.0,1971.0,458286.0
2058.0,1968.0,458388.0
2060.0,1970.0,458490.0
2058.0,1965.0,458592.0
2058.0,1961.0,458694.0
2059.0,1955.0,458796.0
2059.0,1951.0,458898.0
2058.0,1947.0,459000.0
2058.0,1947.0,459102.0
2059.0,1952.0,459204.0
2059.0,1975.0,459306.0
2058.0,2024.0,459408.0
2051.0,2111.0,459510.0
2049.0,2221.0,459612.0
2047.0,2345.0,459714.0
2047.0,2447.0,459816.0
2050.0,2525.0,459918.0
2047.0,2579.0,460020.0
2047.0,2601.0,460122.0
2047.0,2587.0,460224.0
2047.0,2566.0,460326.0
2047.0,2549.0,460428.0
2050.0,2533.0,460530.0
2047.0,2521.0,460632.0
2049.0,2512.0,460734.0
2050.0,2510.0,460836.0
2051.0,2514.0,460938.0
2051.0,2507.0,461040.0
2052.0,2479.0,461142.0
2052.0,2463.0,461244.0
2052.0,2447.0,461346.0
2052.0,2418.0,461448.0
2050.0,2398.0,461550.0
2051.0,2387.0,461652.0
2050.0,2382.0,461754.0
2052.0,2373.0,461856.0
2051.0,2371.0,461958.0
2052.0,2379.0,462060.0
2053.0,2374.0,462162.0
2050.0,2357.0,462264.0
2052.0,2339.0,462366.0
2053.0,2329.0,462468.0
2052.0,2321.0,462570.0
2050.0,2306.0,462672.0
2051.0,2307.0,462774.0
2051.0,2323.0,462876.0
2051.0,2343.0,462978.0
2050.0,2325.0,463080.0
2050.0,2312.0,463182.0
2050.0,2307.0,463284.0
2052.0,2299.0,463386.0
2051.0,2272.0,463488.0
2051.0,2255.0,463590.0
2052.0,2249.0,463692.0
2049.0,2236.0,463794.0
2049.0,2223.0,463896.0
2050.0,2211.0,463998.0
2049.0,2202.0,464100.0
2050.0,2198.0,464202.0
2050.0,2191.0,464304.0
2051.0,2189.0,464406.0
2051.0,2187.0,464508.0
2052.0,2179.0,464610.0
2051.0,2177.0,464712.0
2051.0,2171.0,464814.0
2051.0,2168.0,464916.0
2050.0,2177.0,465018.0
2050.0,2173.0,465120.0
2050.0,2171.0,465222.0
2047.0,2171.0,465324.0
2047.0,2169.0,465426.0
2051.0,2162.0,465528.0
2051.0,2155.0,465630.0
2050.0,2155.0,465732.0
2050.0,2155.0,465834.0
2049.0,2150.0,465936.0
2051.0,2147.0,466038.0
2051.0,2149.0,466140.0
2050.0,2146.0,466242.0
2051.0,2147.0,466344.0
2051.0,2146.0,466446.0
2047.0,2143.0,466548.0
2047.0,2144.0,466650.0
2047.0,2145.0,466752.0
2048.0,2144.0,466854.0
2047.0,2143.0,466956.0
2050.0,2143.0,467058.0
2049.0,2147.0,467160.0
2047.0,2151.0,467262.0
2047.0,2151.0,467364.0
2050.0,2145.0,467466.0
2047.0,2139.0,467568.0
2047.0,2131.0,467670.0
2047.0,2127.0,467772.0
2049.0,2125.0,467874.0
2050.0,2123.0,467976.0
2051.0,2127.0,468078.0
2050.0,2137.0,468180.0
2050.0,2146.0,468282.0
2049.0,2146.0,468384.0
2050.0,2151.0,468486.0
2050.0,2158.0,468588.0
2051.0,2153.0,468690.0
2051.0,2146.0,468792.0
2051.0,2139.0,468894.0
2051.0,2134.0,468996.0
2050.0,2131.0,469098.0
2051.0,2131.0,469200.0
2051.0,2126.0,469302.0
2051.0,2107.0,469404.0
2053.0,2095.0,469506.0
2052.0,2087.0,469608.0
2052.0,2080.0,469710.0
2053.0,2073.0,469812.0
2052.0,2071.0,469914.0
2052.0,2069.0,470016.0
2050.0,2111.0,470118.0
2051.0,2191.0,470220.0
2052.0,2279.0,470322.0
2052.0,2357.0,470424.0
2051.0,2419.0,470526.0
2051.0,2456.0,470628.0
2049.0,2450.0,470730.0
2050.0,2427.0,470832.0
2050.0,2403.0,470934.0
2050.0,2384.0,471036.0
2049.0,2371.0,471138.0
2051.0,2372.0,471240.0
2051.0,2367.0,471342.0
2051.0,2337.0,471444.0
2051.0,2306.0,471546.0
2050.0,2286.0,471648.0
2051.0,2275.0,471750.0
2052.0,2263.0,471852.0
2050.0,2251.0,471954.0
2054.0,2248.0,472056.0
2052.0,2248.0,472158.0
2052.0,2246.0,472260.0
2052.0,2239.0,472362.0
2053.0,2229.0,472464.0
2053.0,2219.0,472566.0
2054.0,2215.0,472668.0
2052.0,2216.0,472770.0
2053.0,2211.0,472872.0
2052.0,2216.0,472974.0
2052.0,2222.0,473076.0
2052.0,2205.0,473178.0
2053.0,2186.0,473280.0
2054.0,2173.0,473382.0
2053.0,2167.0,473484.0
2053.0,2164.0,473586.0
2052.0,2168.0,473688.0
2053.0,2173.0,473790.0
2053.0,2194.0,473892.0
2052.0,2207.0,473994.0
2050.0,2213.0,474096.0
2053.0,2207.0,474198.0
2052.0,2195.0,474300.0
2052.0,2184.0,474402.0
2052.0,2170.0,474504.0
2052.0,2155.0,474606.0
2052.0,2148.0,474708.0
2053.0,2144.0,474810.0
2053.0,2139.0,474912.0
2053.0,2135.0,475014.0
2053.0,2131.0,475116.0
2052.0,2133.0,475218.0
2053.0,2134.0,475320.0
2053.0,2128.0,475422.0
2053.0,2129.0,475524.0
2052.0,2127.0,475626.0
2052.0,2119.0,475728.0
2053.0,2105.0,475830.0
2053.0,2096.0,475932.0
2053.0,2089.0,476034.0
2054.0,2083.0,476136.0
2056.0,2077.0,476238.0
2054.0,2072.0,476340.0
2052.0,2065.0,476442.0
2053.0,2058.0,476544.0
2053.0,2051.0,476646.0
2061.0,2043.0,476748.0
2061.0,2040.0,476850.0
2060.0,2039.0,476952.0
2061.0,2034.0,477054.0
2060.0,2039.0,477156.0
2053.0,2074.0,477258.0
2052.0,2133.0,477360.0
2052.0,2194.0,477462.0
2052.0,2253.0,477564.0
2050.0,2296.0,477666.0
2052.0,2297.0,477768.0
2052.0,2283.0,477870.0
2053.0,2279.0,477972.0
2052.0,2277.0,478074.0
2052.0,2271.0,478176.0
2053.0,2264.0,478278.0
2051.0,2258.0,478380.0
2051.0,2255.0,478482.0
2053.0,2247.0,478584.0
2051.0,2241.0,478686.0
2052.0,2235.0,478788.0
2052.0,2227.0,478890.0
2052.0,2231.0,478992.0
2052.0,2229.0,479094.0
2052.0,2225.0,479196.0
2053.0,2217.0,479298.0
2052.0,2207.0,479400.0
2054.0,2203.0,479502.0
2054.0,2194.0,479604.0
2054.0,2201.0,479706.0
2053.0,2198.0,479808.0
2051.0,2186.0,479910.0
2052.0,2179.0,480012.0
2052.0,2172.0,480114.0
2053.0,2167.0,480216.0
2053.0,2163.0,480318.0
2053.0,2159.0,480420.0
2053.0,2159.0,480522.0
2054.0,2157.0,480624.0
2053.0,2151.0,480726.0
2054.0,2138.0,480828.0
2053.0,2129.0,480930.0
2052.0,2166.0,481032.0
2052.0,2245.0,481134.0
2052.0,2322.0,481236.0
2052.0,2366.0,481338.0
2052.0,2375.0,481440.0
2051.0,2359.0,481542.0
2052.0,2341.0,481644.0
2054.0,2323.0,481746.0
2052.0,2307.0,481848.0
2052.0,2283.0,481950.0
2053.0,2262.0,482052.0
2051.0,2255.0,482154.0
2053.0,2246.0,482256.0
2053.0,2225.0,482358.0
2052.0,2236.0,482460.0
2053.0,2228.0,482562.0
2052.0,2221.0,482664.0
2052.0,2264.0,482766.0
2053.0,2315.0,482868.0
2051.0,2375.0,482970.0
2051.0,2419.0,483072.0
2053.0,2387.0,483174.0
2052.0,2371.0,483276.0
2052.0,2373.0,483378.0
2052.0,2382.0,483480.0
2051.0,2387.0,483582.0
2052.0,2359.0,483684.0
2051.0,2325.0,483786.0
2050.0,2304.0,483888.0
2052.0,2289.0,483990.0
2051.0,2269.0,484092.0
2051.0,2247.0,484194.0
2050.0,2238.0,484296.0
2052.0,2240.0,484398.0
2051.0,2257.0,484500.0
2051.0,2272.0,484602.0
2051.0,2265.0,484704.0
2050.0,2258.0,484806.0
2050.0,2259.0,484908.0
2051.0,2288.0,485010.0
2050.0,2275.0,485112.0
2050.0,2246.0,485214.0
2051.0,2219.0,485316.0
2051.0,2208.0,485418.0
2052.0,2202.0,485520.0
2050.0,2185.0,485622.0
2051.0,2170.0,485724.0
2051.0,2155.0,485826.0
2051.0,2141.0,485928.0
2050.0,2133.0,486030.0
2051.0,2124.0,486132.0
2051.0,2114.0,486234.0
2049.0,2120.0,486336.0
2051.0,2110.0,486438.0
2052.0,2109.0,486540.0
2052.0,2095.0,486642.0
2052.0,2093.0,486744.0
2051.0,2110.0,486846.0
2052.0,2080.0,486948.0
2052.0,2117.0,487050.0
2050.0,2093.0,487152.0
2051.0,2054.0,487254.0
2052.0,2058.0,487356.0
2059.0,2046.0,487458.0
2059.0,2043.0,487560.0
2052.0,2177.0,487662.0
2053.0,2230.0,487764.0
2053.0,2170.0,487866.0
2050.0,2202.0,487968.0
2052.0,2206.0,488070.0
2052.0,2154.0,488172.0
2051.0,2174.0,488274.0
2050.0,2141.0,488376.0
2053.0,2113.0,488478.0
2052.0,2105.0,488580.0
2051.0,2079.0,488682.0
2052.0,2068.0,488784.0
2050.0,2084.0,488886.0
2051.0,2060.0,488988.0
2059.0,2032.0,489090.0
2060.0,2019.0,489192.0
2058.0,2000.0,489294.0
2058.0,1979.0,489396.0
2058.0,1989.0,489498.0
2059.0,2033.0,489600.0
2057.0,2011.0,489702.0
2059.0,1995.0,489804.0
2058.0,1990.0,489906.0
2059.0,1979.0,490008.0
2058.0,1963.0,490110.0
2058.0,1950.0,490212.0
2059.0,1936.0,490314.0
2059.0,1931.0,490416.0
2058.0,1937.0,490518.0
2059.0,1944.0,490620.0
2059.0,1939.0,490722.0
2059.0,1955.0,490824.0
2059.0,1943.0,490926.0
2058.0,1931.0,491028.0
2061.0,1963.0,491130.0
2060.0,1982.0,491232.0
2060.0,1972.0,491334.0
2059.0,1985.0,491436.0
2060.0,1971.0,491538.0
2060.0,1995.0,491640.0
2062.0,1992.0,491742.0
2059.0,1995.0,491844.0
2061.0,1995.0,491946.0
2060.0,2017.0,492048.0
2061.0,2014.0,492150.0
2062.0,1994.0,492252.0
2061.0,1985.0,492354.0
2060.0,1979.0,492456.0
2060.0,1963.0,492558.0
2060.0,1970.0,492660.0
2060.0,1966.0,492762.0
2061.0,1950.0,492864.0
2061.0,1943.0,492966.0
2060.0,1948.0,493068.0
2060.0,1943.0,493170.0
2060.0,1926.0,493272.0
2060.0,1929.0,493374.0
2061.0,1983.0,493476.0
2052.0,2100.0,493578.0
2052.0,2261.0,493680.0
2052.0,2400.0,493782.0
2051.0,2474.0,493884.0
2052.0,2507.0,493986.0
2051.0,2503.0,494088.0
2052.0,2468.0,494190.0
2054.0,2438.0,494292.0
2052.0,2423.0,494394.0
2053.0,2409.0,494496.0
2053.0,2399.0,494598.0
2052.0,2392.0,494700.0
2054.0,2379.0,494802.0
2054.0,2363.0,494904.0
2052.0,2358.0,495006.0
2053.0,2363.0,495108.0
2052.0,2353.0,495210.0
2053.0,2343.0,495312.0
2053.0,2336.0,495414.0
2054.0,2323.0,495516.0
2054.0,2302.0,495618.0
2054.0,2286.0,495720.0
2054.0,2275.0,495822.0
2054.0,2260.0,495924.0
2053.0,2239.0,496026.0
2054.0,2220.0,496128.0
2053.0,2208.0,496230.0
2054.0,2203.0,496332.0
2055.0,2203.0,496434.0
2052.0,2199.0,496536.0
2054.0,2187.0,496638.0
2054.0,2179.0,496740.0
2054.0,2167.0,496842.0
2055.0,2155.0,496944.0
2054.0,2157.0,497046.0
2053.0,2186.0,497148.0
2054.0,2249.0,497250.0
2054.0,2321.0,497352.0
2052.0,2377.0,497454.0
2052.0,2438.0,497556.0
2051.0,2466.0,497658.0
2051.0,2473.0,497760.0
2052.0,2450.0,497862.0
2053.0,2430.0,497964.0
2051.0,2410.0,498066.0
2052.0,2393.0,498168.0
2053.0,2379.0,498270.0
2051.0,2367.0,498372.0
2052.0,2362.0,498474.0
2053.0,2357.0,498576.0
2051.0,2359.0,498678.0
2051.0,2366.0,498780.0
2050.0,2355.0,498882.0
2052.0,2335.0,498984.0
2052.0,2328.0,499086.0
2053.0,2323.0,499188.0
2053.0,2323.0,499290.0
2053.0,2318.0,499392.0
2053.0,2317.0,499494.0
2053.0,2318.0,499596.0
2052.0,2319.0,499698.0
2053.0,2314.0,499800.0
2055.0,2303.0,499902.0
2054.0,2288.0,500004.0
2053.0,2280.0,500106.0
2054.0,2275.0,500208.0
2054.0,2269.0,500310.0
2055.0,2259.0,500412.0
2054.0,2247.0,500514.0
2053.0,2235.0,500616.0
2054.0,2223.0,500718.0
2054.0,2209.0,500820.0
2054.0,2195.0,500922.0
2053.0,2186.0,501024.0
2053.0,2181.0,501126.0
2052.0,2191.0,501228.0
2052.0,2224.0,501330.0
2052.0,2268.0,501432.0
2052.0,2307.0,501534.0
2050.0,2347.0,501636.0
2051.0,2359.0,501738.0
2051.0,2354.0,501840.0
2051.0,2338.0,501942.0
2051.0,2315.0,502044.0
2051.0,2301.0,502146.0
2050.0,2289.0,502248.0
2051.0,2278.0,502350.0
2053.0,2268.0,502452.0
2051.0,2255.0,502554.0
2050.0,2248.0,502656.0
2052.0,2239.0,502758.0
2051.0,2234.0,502860.0
2050.0,2229.0,502962.0
2051.0,2237.0,503064.0
2051.0,2243.0,503166.0
2051.0,2235.0,503268.0
2051.0,2219.0,503370.0
2051.0,2203.0,503472.0
2052.0,2191.0,503574.0
2053.0,2182.0,503676.0
2052.0,2187.0,503778.0
2052.0,2198.0,503880.0
2051.0,2203.0,503982.0
2051.0,2211.0,504084.0
2052.0,2233.0,504186.0
2052.0,2243.0,504288.0
2052.0,2227.0,504390.0
2052.0,2200.0,504492.0
2054.0,2178.0,504594.0
2054.0,2164.0,504696.0
2054.0,2155.0,504798.0
2054.0,2147.0,504900.0
2056.0,2139.0,505002.0
2054.0,2162.0,505104.0
2055.0,2203.0,505206.0
2055.0,2274.0,505308.0
2054.0,2285.0,505410.0
2053.0,2273.0,505512.0
2054.0,2255.0,505614.0
2052.0,2232.0,505716.0
2054.0,2247.0,505818.0
2053.0,2267.0,505920.0
2052.0,2271.0,506022.0
2054.0,2243.0,506124.0
2052.0,2238.0,506226.0
2051.0,2217.0,506328.0
2053.0,2175.0,506430.0
2053.0,2117.0,506532.0
2062.0,1990.0,506634.0
2062.0,1859.0,506736.0
2061.0,1715.0,506838.0
2060.0,1562.0,506940.0
2064.0,1440.0,507042.0
2064.0,1367.0,507144.0
2064.0,1315.0,507246.0
2062.0,1269.0,507348.0
2064.0,1225.0,507450.0
2064.0,1180.0,507552.0
2062.0,1140.0,507654.0
2062.0,1109.0,507756.0
2062.0,1091.0,507858.0
2062.0,1067.0,507960.0
2064.0,1042.0,508062.0
2060.0,1015.0,508164.0
2061.0,991.0,508266.0
2061.0,965.0,508368.0
2059.0,949.0,508470.0
2060.0,933.0,508572.0
2061.0,920.0,508674.0
2064.0,908.0,508776.0
2062.0,902.0,508878.0
2061.0,899.0,508980.0
2064.0,896.0,509082.0
2060.0,890.0,509184.0
2062.0,899.0,509286.0
2060.0,935.0,509388.0
2064.0,879.0,509490.0
2060.0,843.0,509592.0
2062.0,819.0,509694.0
2064.0,801.0,509796.0
2062.0,789.0,509898.0
2060.0,762.0,510000.0
2060.0,734.0,510102.0
2061.0,702.0,510204.0
2062.0,680.0,510306.0
2061.0,692.0,510408.0
2061.0,697.0,510510.0
2064.0,692.0,510612.0
2064.0,680.0,510714.0
2062.0,675.0,510816.0
2061.0,637.0,510918.0
2062.0,604.0,511020.0
2064.0,586.0,511122.0
2064.0,588.0,511224.0
2064.0,585.0,511326.0
2064.0,581.0,511428.0
2063.0,571.0,511530.0
2062.0,556.0,511632.0
2064.0,542.0,511734.0
2064.0,531.0,511836.0
2064.0,525.0,511938.0
2064.0,517.0,512040.0
2064.0,515.0,512142.0
2064.0,512.0,512244.0
2064.0,510.0,512346.0
2064.0,502.0,512448.0
2065.0,496.0,512550.0
2065.0,489.0,512652.0
2064.0,483.0,512754.0
2064.0,480.0,512856.0
2065.0,482.0,512958.0
2065.0,488.0,513060.0
2066.0,497.0,513162.0
2065.0,507.0,513264.0
2064.0,520.0,513366.0
2064.0,534.0,513468.0
2065.0,539.0,513570.0
2065.0,534.0,513672.0
2064.0,533.0,513774.0
2064.0,512.0,513876.0
2064.0,514.0,513978.0
2065.0,525.0,514080.0
2065.0,512.0,514182.0
2065.0,510.0,514284.0
2064.0,523.0,514386.0
2066.0,544.0,514488.0
2064.0,578.0,514590.0
2065.0,573.0,514692.0
2065.0,524.0,514794.0
2065.0,561.0,514896.0
2064.0,579.0,514998.0
2064.0,526.0,515100.0
2065.0,503.0,515202.0
2065.0,497.0,515304.0
2065.0,484.0,515406.0
2065.0,485.0,515508.0
2064.0,490.0,515610.0
2064.0,492.0,515712.0
2064.0,496.0,515814.0
2064.0,500.0,515916.0
2065.0,491.0,516018.0
2064.0,489.0,516120.0
2064.0,490.0,516222.0
2063.0,490.0,516324.0
2061.0,481.0,516426.0
2064.0,473.0,516528.0
2064.0,464.0,516630.0
2064.0,454.0,516732.0
2064.0,454.0,516834.0
2064.0,456.0,516936.0
2064.0,446.0,517038.0
2064.0,445.0,517140.0
2064.0,440.0,517242.0
2062.0,438.0,517344.0
2065.0,435.0,517446.0
2064.0,430.0,517548.0
2064.0,422.0,517650.0
2068.0,418.0,517752.0
2071.0,417.0,517854.0
2073.0,418.0,517956.0
2075.0,417.0,518058.0
2078.0,410.0,518160.0
2078.0,400.0,518262.0
2080.0,397.0,518364.0
2077.0,393.0,518466.0
2076.0,389.0,518568.0
2075.0,384.0,518670.0
2074.0,381.0,518772.0
2072.0,376.0,518874.0
2072.0,374.0,518976.0
2072.0,368.0,519078.0
2071.0,368.0,519180.0
2069.0,372.0,519282.0
2069.0,371.0,519384.0
2068.0,369.0,519486.0
2068.0,372.0,519588.0
2067.0,378.0,519690.0
2067.0,380.0,519792.0
2065.0,383.0,519894.0
2065.0,383.0,519996.0
2065.0,379.0,520098.0
2066.0,377.0,520200.0
2066.0,379.0,520302.0
2065.0,375.0,520404.0
2064.0,367.0,520506.0
2066.0,359.0,520608.0
2065.0,359.0,520710.0
2065.0,352.0,520812.0
2065.0,341.0,520914.0
2067.0,332.0,521016.0
2067.0,331.0,521118.0
2066.0,329.0,521220.0
2066.0,327.0,521322.0
2066.0,329.0,521424.0
2066.0,326.0,521526.0
2066.0,320.0,521628.0
2066.0,315.0,521730.0
2066.0,309.0,521832.0
2068.0,309.0,521934.0
2066.0,305.0,522036.0
2066.0,305.0,522138.0
2067.0,304.0,522240.0
2066.0,303.0,522342.0
2067.0,306.0,522444.0
2066.0,305.0,522546.0
2065.0,307.0,522648.0
2066.0,312.0,522750.0
2066.0,319.0,522852.0
2066.0,332.0,522954.0
2064.0,344.0,523056.0
2064.0,359.0,523158.0
2065.0,370.0,523260.0
2065.0,379.0,523362.0
2064.0,381.0,523464.0
2064.0,378.0,523566.0
2064.0,370.0,523668.0
2064.0,362.0,523770.0
2064.0,359.0,523872.0
2064.0,348.0,523974.0
2064.0,344.0,524076.0
2066.0,346.0,524178.0
2064.0,345.0,524280.0
2066.0,343.0,524382.0
2066.0,344.0,524484.0
2065.0,341.0,524586.0
2065.0,343.0,524688.0
2065.0,345.0,524790.0
2067.0,339.0,524892.0
2067.0,334.0,524994.0
2068.0,323.0,525096.0
2068.0,319.0,525198.0
2070.0,313.0,525300.0
2069.0,308.0,525402.0
2068.0,307.0,525504.0
2069.0,306.0,525606.0
2068.0,297.0,525708.0
2068.0,291.0,525810.0
2069.0,288.0,525912.0
2068.0,287.0,526014.0
2067.0,280.0,526116.0
2067.0,267.0,526218.0
2067.0,242.0,526320.0
2067.0,249.0,526422.0
2068.0,285.0,526524.0
2067.0,330.0,526626.0
2067.0,482.0,526728.0
2066.0,461.0,526830.0
2066.0,374.0,526932.0
2065.0,313.0,527034.0
2066.0,288.0,527136.0
2066.0,266.0,527238.0
2066.0,253.0,527340.0
2065.0,240.0,527442.0
2066.0,230.0,527544.0
2066.0,220.0,527646.0
2066.0,213.0,527748.0
2065.0,206.0,527850.0
2064.0,199.0,527952.0
2064.0,195.0,528054.0
2067.0,193.0,528156.0
2066.0,199.0,528258.0
2066.0,211.0,528360.0
2065.0,193.0,528462.0
2066.0,181.0,528564.0
2065.0,175.0,528666.0
2065.0,168.0,528768.0
2065.0,160.0,528870.0
2065.0,158.0,528972.0
2065.0,154.0,529074.0
2064.0,152.0,529176.0
2064.0,157.0,529278.0
2065.0,159.0,529380.0
2065.0,165.0,529482.0
2064.0,173.0,529584.0
2064.0,170.0,529686.0
2064.0,161.0,529788.0
2064.0,170.0,529890.0
2065.0,177.0,529992.0
2065.0,194.0,530094.0
2064.0,205.0,530196.0
2064.0,203.0,530298.0
2064.0,187.0,530400.0
2064.0,178.0,530502.0
2064.0,169.0,530604.0
2064.0,166.0,530706.0
2064.0,157.0,530808.0
2064.0,147.0,530910.0
2064.0,136.0,531012.0
2064.0,129.0,531114.0
2064.0,132.0,531216.0
2064.0,139.0,531318.0
2064.0,140.0,531420.0
2064.0,149.0,531522.0
2064.0,172.0,531624.0
2064.0,189.0,531726.0
2064.0,188.0,531828.0
2064.0,199.0,531930.0
2064.0,209.0,532032.0
2064.0,201.0,532134.0
2064.0,180.0,532236.0
2064.0,170.0,532338.0
2065.0,154.0,532440.0
2064.0,148.0,532542.0
2064.0,152.0,532644.0
2065.0,141.0,532746.0
2066.0,131.0,532848.0
2065.0,128.0,532950.0
2065.0,123.0,533052.0
2065.0,122.0,533154.0
2066.0,117.0,533256.0
2066.0,115.0,533358.0
2065.0,115.0,533460.0
2065.0,109.0,533562.0
2065.0,107.0,533664.0
2066.0,107.0,533766.0
2067.0,109.0,533868.0
2065.0,109.0,533970.0
2066.0,104.0,534072.0
2066.0,102.0,534174.0
2065.0,96.0,534276.0
2064.0,86.0,534378.0
2064.0,83.0,534480.0
2065.0,79.0,534582.0
2064.0,81.0,534684.0
2064.0,77.0,534786.0
2064.0,71.0,534888.0
2064.0,67.0,534990.0
2064.0,61.0,535092.0
2064.0,53.0,535194.0
2064.0,51.0,535296.0
2064.0,47.0,535398.0
2064.0,43.0,535500.0
2065.0,39.0,535602.0
2064.0,36.0,535704.0
2064.0,33.0,535806.0
2064.0,32.0,535908.0
2064.0,30.0,536010.0
2064.0,35.0,536112.0
2063.0,38.0,536214.0
2064.0,40.0,536316.0
2064.0,39.0,536418.0
2065.0,34.0,536520.0
2064.0,32.0,536622.0
2064.0,24.0,536724.0
2064.0,22.0,536826.0
2064.0,23.0,536928.0
2064.0,16.0,537030.0
2064.0,16.0,537132.0
2064.0,16.0,537234.0
2064.0,16.0,537336.0
2063.0,16.0,537438.0
2063.0,16.0,537540.0
2064.0,16.0,537642.0
2064.0,14.0,537744.0
2064.0,29.0,537846.0
2061.0,50.0,537948.0
2064.0,49.0,538050.0
2064.0,39.0,538152.0
2064.0,33.0,538254.0
2062.0,25.0,538356.0
2064.0,23.0,538458.0
2064.0,20.0,538560.0
2064.0,17.0,538662.0
2064.0,13.0,538764.0
2064.0,12.0,538866.0
2064.0,16.0,538968.0
2064.0,11.0,539070.0
2064.0,12.0,539172.0
2064.0,15.0,539274.0
2064.0,16.0,539376.0
2064.0,12.0,539478.0
2064.0,14.0,539580.0
2064.0,15.0,539682.0
2064.0,19.0,539784.0
2064.0,12.0,539886.0
2062.0,12.0,539988.0
2064.0,12.0,540090.0
2065.0,5.0,540192.0
2065.0,5.0,540294.0
2064.0,8.0,540396.0
2065.0,3.0,540498.0
2065.0,7.0,540600.0
2063.0,21.0,540702.0
2064.0,22.0,540804.0
2064.0,39.0,540906.0
2065.0,38.0,541008.0
2065.0,28.0,541110.0
2065.0,19.0,541212.0
2065.0,13.0,541314.0
2066.0,12.0,541416.0
2066.0,13.0,541518.0
2064.0,10.0,541620.0
2064.0,7.0,541722.0
2066.0,2.0,541824.0
2065.0,2.0,541926.0
2064.0,6.0,542028.0
2065.0,6.0,542130.0
2064.0,10.0,542232.0
2065.0,9.0,542334.0
2064.0,10.0,542436.0
2065.0,13.0,542538.0
2065.0,14.0,542640.0
2065.0,10.0,542742.0
2065.0,12.0,542844.0
2065.0,17.0,542946.0
2065.0,9.0,543048.0
2064.0,0.0,543150.0
2066.0,0.0,543252.0
2064.0,34.0,543354.0
2064.0,37.0,543456.0
2065.0,0.0,543558.0
2065.0,0.0,543660.0
2065.0,39.0,543762.0
2065.0,61.0,543864.0
2064.0,52.0,543966.0
2066.0,35.0,544068.0
2065.0,77.0,544170.0
2064.0,103.0,544272.0
2065.0,84.0,544374.0
2064.0,186.0,544476.0
2064.0,322.0,544578.0
2061.0,474.0,544680.0
2060.0,779.0,544782.0
2061.0,763.0,544884.0
2064.0,434.0,544986.0
2064.0,377.0,545088.0
2059.0,926.0,545190.0
2097.0,2935.0,545292.0
2095.0,3807.0,545394.0
2096.0,3983.0,545496.0
2096.0,4008.0,545598.0
2098.0,4014.0,545700.0
2098.0,4019.0,545802.0
2100.0,4019.0,545904.0
2101.0,4019.0,546006.0
2101.0,4019.0,546108.0
2104.0,4018.0,546210.0
2103.0,4019.0,546312.0
2105.0,4019.0,546414.0
2105.0,4019.0,546516.0
2105.0,4019.0,546618.0
2105.0,4019.0,546720.0
2106.0,4019.0,546822.0
2106.0,4019.0,546924.0
2108.0,4019.0,547026.0
2109.0,4019.0,547128.0
2107.0,4019.0,547230.0
2108.0,4019.0,547332.0
2105.0,4019.0,547434.0
2105.0,4019.0,547536.0
2103.0,4019.0,547638.0
2102.0,4019.0,547740.0
2104.0,4019.0,547842.0
2103.0,4019.0,547944.0
2102.0,4019.0,548046.0
2102.0,4019.0,548148.0
2105.0,4019.0,548250.0
2103.0,4019.0,548352.0
2104.0,4020.0,548454.0
2104.0,4019.0,548556.0
2106.0,4019.0,548658.0
2106.0,4019.0,548760.0
2107.0,4019.0,548862.0
2105.0,4019.0,548964.0
2106.0,4019.0,549066.0
2107.0,4019.0,549168.0
2107.0,4019.0,549270.0
2107.0,4019.0,549372.0
2107.0,4019.0,549474.0
2107.0,4019.0,549576.0
2105.0,4019.0,549678.0
2105.0,4019.0,549780.0
2103.0,4019.0,549882.0
2103.0,4019.0,549984.0
2104.0,4019.0,550086.0
2105.0,4019.0,550188.0
2105.0,4019.0,550290.0
2104.0,4019.0,550392.0
2104.0,4019.0,550494.0
2102.0,4019.0,550596.0
2102.0,4019.0,550698.0
2100.0,4019.0,550800.0
2100.0,4019.0,550902.0
2100.0,4019.0,551004.0
2100.0,4019.0,551106.0
2098.0,4019.0,551208.0
2098.0,4019.0,551310.0
2100.0,4019.0,551412.0
2100.0,4019.0,551514.0
2101.0,4019.0,551616.0
2099.0,4019.0,551718.0
2099.0,4019.0,551820.0
2099.0,4019.0,551922.0
2099.0,4019.0,552024.0
2099.0,4019.0,552126.0
2100.0,4019.0,552228.0
2100.0,4019.0,552330.0
2100.0,4019.0,552432.0
2101.0,4019.0,552534.0
2101.0,4021.0,552636.0
2100.0,4019.0,552738.0
2099.0,4019.0,552840.0
2101.0,4019.0,552942.0
2102.0,4019.0,553044.0
2101.0,4019.0,553146.0
2099.0,4019.0,553248.0
2100.0,4019.0,553350.0
2098.0,4019.0,553452.0
2098.0,4019.0,553554.0
2096.0,4019.0,553656.0
2096.0,4019.0,553758.0
2096.0,4021.0,553860.0
2096.0,4019.0,553962.0
2098.0,4019.0,554064.0
2097.0,4019.0,554166.0
2098.0,4019.0,554268.0
2097.0,4019.0,554370.0
2097.0,4019.0,554472.0
2097.0,4019.0,554574.0
2097.0,4019.0,554676.0
2099.0,4021.0,554778.0
2099.0,4019.0,554880.0
2103.0,4019.0,554982.0
2101.0,4019.0,555084.0
2101.0,4019.0,555186.0
2101.0,4019.0,555288.0
2100.0,4019.0,555390.0
2101.0,4019.0,555492.0
2100.0,4019.0,555594.0
2101.0,4019.0,555696.0
2100.0,4019.0,555798.0
2102.0,4019.0,555900.0
2101.0,4019.0,556002.0
2100.0,4019.0,556104.0
2103.0,4019.0,556206.0
2103.0,4019.0,556308.0
2104.0,4021.0,556410.0
2103.0,4019.0,556512.0
2103.0,4019.0,556614.0
2103.0,4021.0,556716.0
2103.0,4019.0,556818.0
2102.0,4021.0,556920.0
2102.0,4019.0,557022.0
2101.0,4019.0,557124.0
2100.0,4019.0,557226.0
2102.0,4019.0,557328.0
2102.0,4019.0,557430.0
2102.0,4019.0,557532.0
2101.0,4019.0,557634.0
2102.0,4019.0,557736.0
2101.0,4019.0,557838.0
2102.0,4019.0,557940.0
2104.0,4019.0,558042.0
2102.0,4019.0,558144.0
2103.0,4019.0,558246.0
2103.0,4019.0,558348.0
2104.0,4019.0,558450.0
2103.0,4019.0,558552.0
2105.0,4019.0,558654.0
2104.0,4019.0,558756.0
2102.0,4019.0,558858.0
2105.0,4019.0,558960.0
2103.0,4019.0,559062.0
2104.0,4019.0,559164.0
2104.0,4019.0,559266.0
2104.0,4019.0,559368.0
2104.0,4019.0,559470.0
2105.0,4019.0,559572.0
2104.0,4019.0,559674.0
2105.0,4019.0,559776.0
2106.0,4021.0,559878.0
2104.0,4019.0,559980.0
2105.0,4019.0,560082.0
2104.0,4021.0,560184.0
2106.0,4019.0,560286.0
2104.0,4019.0,560388.0
2105.0,4019.0,560490.0
2104.0,4019.0,560592.0
2105.0,4021.0,560694.0
2104.0,4019.0,560796.0
2104.0,4019.0,560898.0
2105.0,4019.0,561000.0
2105.0,4019.0,561102.0
2104.0,4019.0,561204.0
2105.0,4019.0,561306.0
2106.0,4019.0,561408.0
2106.0,4019.0,561510.0
2105.0,4019.0,561612.0
2104.0,4019.0,561714.0
2104.0,4019.0,561816.0
2106.0,4019.0,561918.0
2106.0,4019.0,562020.0
2104.0,4021.0,562122.0
2106.0,4019.0,562224.0
2104.0,4019.0,562326.0
2105.0,4019.0,562428.0
2103.0,4019.0,562530.0
2105.0,4019.0,562632.0
2105.0,4019.0,562734.0
2106.0,4019.0,562836.0
2105.0,4019.0,562938.0
2107.0,4019.0,563040.0
2105.0,4019.0,563142.0
2105.0,4019.0,563244.0
2106.0,4019.0,563346.0
2105.0,4019.0,563448.0
2104.0,4019.0,563550.0
2106.0,4021.0,563652.0
2104.0,4019.0,563754.0
2104.0,4019.0,563856.0
2106.0,4019.0,563958.0
2105.0,4019.0,564060.0
2104.0,4019.0,564162.0
2105.0,4019.0,564264.0
2106.0,4019.0,564366.0
2105.0,4019.0,564468.0
2106.0,4019.0,564570.0
2104.0,4019.0,564672.0
2105.0,4019.0,564774.0
2106.0,4019.0,564876.0
2106.0,4021.0,564978.0
2107.0,4021.0,565080.0
2105.0,4019.0,565182.0
2104.0,4019.0,565284.0
2106.0,4019.0,565386.0
2106.0,4019.0,565488.0
2107.0,4019.0,565590.0
2107.0,4019.0,565692.0
2105.0,4019.0,565794.0
2106.0,4019.0,565896.0
2105.0,4019.0,565998.0
2106.0,4019.0,566100.0
2108.0,4019.0,566202.0
2107.0,4019.0,566304.0
2107.0,4019.0,566406.0
2106.0,4019.0,566508.0
2106.0,4019.0,566610.0
2106.0,4019.0,566712.0
2107.0,4019.0,566814.0
2107.0,4019.0,566916.0
2108.0,4019.0,567018.0
2106.0,4019.0,567120.0
2106.0,4019.0,567222.0
2106.0,4019.0,567324.0
2107.0,4019.0,567426.0
2107.0,4019.0,567528.0
2107.0,4019.0,567630.0
2108.0,4019.0,567732.0
2106.0,4021.0,567834.0
2106.0,4019.0,567936.0
2105.0,4019.0,568038.0
2106.0,4021.0,568140.0
2107.0,4019.0,568242.0
2107.0,4019.0,568344.0
2106.0,4019.0,568446.0
2106.0,4021.0,568548.0
2105.0,4019.0,568650.0
2107.0,4019.0,568752.0
2105.0,4019.0,568854.0
2105.0,4019.0,568956.0
2104.0,4019.0,569058.0
2106.0,4019.0,569160.0
2105.0,4019.0,569262.0
2106.0,4019.0,569364.0
2104.0,4019.0,569466.0
2105.0,4019.0,569568.0
2105.0,4019.0,569670.0
2105.0,4021.0,569772.0
2106.0,4019.0,569874.0
2106.0,4019.0,569976.0
2107.0,4021.0,570078.0
2106.0,4019.0,570180.0
2106.0,4019.0,570282.0
2108.0,4019.0,570384.0
2106.0,4019.0,570486.0
2105.0,4021.0,570588.0
2106.0,4019.0,570690.0
2106.0,4021.0,570792.0
2107.0,4019.0,570894.0
2106.0,4019.0,570996.0
2105.0,4019.0,571098.0
2106.0,4019.0,571200.0
2106.0,4021.0,571302.0
2107.0,4019.0,571404.0
2106.0,4019.0,571506.0
2106.0,4019.0,571608.0
2106.0,4019.0,571710.0
2107.0,4019.0,571812.0
2107.0,4019.0,571914.0
2106.0,4019.0,572016.0
2107.0,4019.0,572118.0
2108.0,4019.0,572220.0
2106.0,4019.0,572322.0
2106.0,4019.0,572424.0
2107.0,4019.0,572526.0
2106.0,4021.0,572628.0
2108.0,4019.0,572730.0
2107.0,4021.0,572832.0
2107.0,4019.0,572934.0
2106.0,4019.0,573036.0
2107.0,4019.0,573138.0
2107.0,4019.0,573240.0
2105.0,4019.0,573342.0
2106.0,4019.0,573444.0
2107.0,4019.0,573546.0
2106.0,4019.0,573648.0
2106.0,4019.0,573750.0
2107.0,4019.0,573852.0
2106.0,4019.0,573954.0
2107.0,4019.0,574056.0
2107.0,4019.0,574158.0
2107.0,4019.0,574260.0
2107.0,4019.0,574362.0
2107.0,4019.0,574464.0
2107.0,4021.0,574566.0
2106.0,4019.0,574668.0
2106.0,4021.0,574770.0
2106.0,4019.0,574872.0
2106.0,4020.0,574974.0
2105.0,4019.0,575076.0
2108.0,4019.0,575178.0
2107.0,4019.0,575280.0
2107.0,4019.0,575382.0
2106.0,4019.0,575484.0
2108.0,4019.0,575586.0
2105.0,4019.0,575688.0
2107.0,4020.0,575790.0
2107.0,4019.0,575892.0
2107.0,4019.0,575994.0
2107.0,4021.0,576096.0
2108.0,4019.0,576198.0
2106.0,4019.0,576300.0
2107.0,4021.0,576402.0
2106.0,4019.0,576504.0
2108.0,4021.0,576606.0
2107.0,4019.0,576708.0
2106.0,4019.0,576810.0
2107.0,4019.0,576912.0
2107.0,4019.0,577014.0
2107.0,4019.0,577116.0
2106.0,4019.0,577218.0
2109.0,4019.0,577320.0
2108.0,4019.0,577422.0
2105.0,4019.0,577524.0
2105.0,4019.0,577626.0
2104.0,4019.0,577728.0
2105.0,4019.0,577830.0
2107.0,4019.0,577932.0
2105.0,4020.0,578034.0
2106.0,4019.0,578136.0
2106.0,4019.0,578238.0
2107.0,4019.0,578340.0
2108.0,4019.0,578442.0
2107.0,4019.0,578544.0
2106.0,4019.0,578646.0
2105.0,4021.0,578748.0
2105.0,4019.0,578850.0
2106.0,4019.0,578952.0
2107.0,4019.0,579054.0
2106.0,4019.0,579156.0
2106.0,4020.0,579258.0
2107.0,4019.0,579360.0
2106.0,4019.0,579462.0
2106.0,4019.0,579564.0
2107.0,4019.0,579666.0
2105.0,4019.0,579768.0
2106.0,4021.0,579870.0
2105.0,4019.0,579972.0
2105.0,4019.0,580074.0
2106.0,4019.0,580176.0
2105.0,4020.0,580278.0
2105.0,4019.0,580380.0
2106.0,4019.0,580482.0
2105.0,4019.0,580584.0
2108.0,4019.0,580686.0
2106.0,4019.0,580788.0
2107.0,4019.0,580890.0
2106.0,4021.0,580992.0
2106.0,4019.0,581094.0
2106.0,4019.0,581196.0
2107.0,4019.0,581298.0
2104.0,4021.0,581400.0
2103.0,4021.0,581502.0
2103.0,4019.0,581604.0
2106.0,4019.0,581706.0
2104.0,4019.0,581808.0
2104.0,4019.0,581910.0
2105.0,4019.0,582012.0
2105.0,4019.0,582114.0
2104.0,4019.0,582216.0
2104.0,4020.0,582318.0
2104.0,4019.0,582420.0
2103.0,4019.0,582522.0
2103.0,4019.0,582624.0
2103.0,4019.0,582726.0
2104.0,4019.0,582828.0
2105.0,4019.0,582930.0
2105.0,4019.0,583032.0
2104.0,4019.0,583134.0
2105.0,4019.0,583236.0
2104.0,4019.0,583338.0
2103.0,4019.0,583440.0
2105.0,4019.0,583542.0
2105.0,4019.0,583644.0
2104.0,4019.0,583746.0
2104.0,4019.0,583848.0
2105.0,4019.0,583950.0
2105.0,4019.0,584052.0
2105.0,4019.0,584154.0
2104.0,4019.0,584256.0
2105.0,4021.0,584358.0
2106.0,4019.0,584460.0
2104.0,4019.0,584562.0
2105.0,4021.0,584664.0
2104.0,4019.0,584766.0
2104.0,4019.0,584868.0
2104.0,4019.0,584970.0
2104.0,4019.0,585072.0
2104.0,4019.0,585174.0
2103.0,4021.0,585276.0
2104.0,4019.0,585378.0
2104.0,4019.0,585480.0
2104.0,4019.0,585582.0
2103.0,4019.0,585684.0
2104.0,4019.0,585786.0
2104.0,4021.0,585888.0
2104.0,4019.0,585990.0
2104.0,4019.0,586092.0
2103.0,4020.0,586194.0
2104.0,4019.0,586296.0
2105.0,4019.0,586398.0
2103.0,4019.0,586500.0
2105.0,4019.0,586602.0
2104.0,4019.0,586704.0
2105.0,4019.0,586806.0
2104.0,4019.0,586908.0
2103.0,4019.0,587010.0
2103.0,4019.0,587112.0
2105.0,4019.0,587214.0
2105.0,4019.0,587316.0
2103.0,4019.0,587418.0
2104.0,4019.0,587520.0
2104.0,4019.0,587622.0
2104.0,4021.0,587724.0
2104.0,4019.0,587826.0
2104.0,4019.0,587928.0
2104.0,4019.0,588030.0
2104.0,4019.0,588132.0
2105.0,4019.0,588234.0
2105.0,4021.0,588336.0
2104.0,4019.0,588438.0
2105.0,4019.0,588540.0
2104.0,4019.0,588642.0
2104.0,4019.0,588744.0
2103.0,4019.0,588846.0
2103.0,4019.0,588948.0
2103.0,4021.0,589050.0
2103.0,4021.0,589152.0
2102.0,4019.0,589254.0
2103.0,4019.0,589356.0
2105.0,4019.0,589458.0
2104.0,4019.0,589560.0
2104.0,4019.0,589662.0
2102.0,4019.0,589764.0
2104.0,4019.0,589866.0
2104.0,4019.0,589968.0
2105.0,4019.0,590070.0
2104.0,4019.0,590172.0
2104.0,4019.0,590274.0
2103.0,4019.0,590376.0
2103.0,4019.0,590478.0
2106.0,4019.0,590580.0
2105.0,4021.0,590682.0
2106.0,4019.0,590784.0
2104.0,4021.0,590886.0
2104.0,4019.0,590988.0
2105.0,4019.0,591090.0
2105.0,4019.0,591192.0
2104.0,4019.0,591294.0
2105.0,4019.0,591396.0
2103.0,4019.0,591498.0
2104.0,4019.0,591600.0
2104.0,4019.0,591702.0
2103.0,4019.0,591804.0
2105.0,4019.0,591906.0
2105.0,4019.0,592008.0
2106.0,4019.0,592110.0
2104.0,4021.0,592212.0
2104.0,4019.0,592314.0
2104.0,4019.0,592416.0
2105.0,4019.0,592518.0
2104.0,4019.0,592620.0
2104.0,4019.0,592722.0
2103.0,4019.0,592824.0
2103.0,4019.0,592926.0
2103.0,4019.0,593028.0
2103.0,4021.0,593130.0
2104.0,4019.0,593232.0
2104.0,4019.0,593334.0
2104.0,4019.0,593436.0
2104.0,4021.0,593538.0
2104.0,4019.0,593640.0
2104.0,4019.0,593742.0
2104.0,4019.0,593844.0
2103.0,4019.0,593946.0
2104.0,4021.0,594048.0
2104.0,4019.0,594150.0
2104.0,4019.0,594252.0
2105.0,4021.0,594354.0
2104.0,4019.0,594456.0
2103.0,4019.0,594558.0
2104.0,4019.0,594660.0
2104.0,4019.0,594762.0
2103.0,4019.0,594864.0
2105.0,4019.0,594966.0
2104.0,4019.0,595068.0
2105.0,4019.0,595170.0
2104.0,4019.0,595272.0
2104.0,4021.0,595374.0
2103.0,4019.0,595476.0
2104.0,4019.0,595578.0
2106.0,4020.0,595680.0
2104.0,4019.0,595782.0
2104.0,4019.0,595884.0
2106.0,4019.0,595986.0
2105.0,4019.0,596088.0
2103.0,4019.0,596190.0
2102.0,4019.0,596292.0
2105.0,4019.0,596394.0
2104.0,4021.0,596496.0
2104.0,4019.0,596598.0
2104.0,4022.0,596700.0
2105.0,4019.0,596802.0
2104.0,4019.0,596904.0
2105.0,4019.0,597006.0
2104.0,4019.0,597108.0
2106.0,4019.0,597210.0
2103.0,4019.0,597312.0
2105.0,4019.0,597414.0
2104.0,4021.0,597516.0
2104.0,4019.0,597618.0
2104.0,4019.0,597720.0
2105.0,4019.0,597822.0
2104.0,4019.0,597924.0
2103.0,4019.0,598026.0
2104.0,4019.0,598128.0
2104.0,4019.0,598230.0
2103.0,4019.0,598332.0
2105.0,4019.0,598434.0
2104.0,4019.0,598536.0
2105.0,4019.0,598638.0
2103.0,4020.0,598740.0
2104.0,4019.0,598842.0
2104.0,4019.0,598944.0
2103.0,4019.0,599046.0
2103.0,4019.0,599148.0
2104.0,4020.0,599250.0
2103.0,4019.0,599352.0
2104.0,4019.0,599454.0
2104.0,4019.0,599556.0
2104.0,4019.0,599658.0
2104.0,4019.0,599760.0
2104.0,4019.0,599862.0
2104.0,4020.0,599964.0
2104.0,4019.0,600066.0
2103.0,4019.0,600168.0
2104.0,4019.0,600270.0
2104.0,4019.0,600372.0
2104.0,4019.0,600474.0
2103.0,4019.0,600576.0
2105.0,4019.0,600678.0
2104.0,4019.0,600780.0
2104.0,4021.0,600882.0
2102.0,4019.0,600984.0
2103.0,4019.0,601086.0
2101.0,4019.0,601188.0
2104.0,4019.0,601290.0
2104.0,4019.0,601392.0
2104.0,4019.0,601494.0
2104.0,4019.0,601596.0
2105.0,4019.0,601698.0
2103.0,4021.0,601800.0
2104.0,4019.0,601902.0
2103.0,4019.0,602004.0
2104.0,4019.0,602106.0
2103.0,4019.0,602208.0
2104.0,4019.0,602310.0
2103.0,4019.0,602412.0
2104.0,4021.0,602514.0
2104.0,4019.0,602616.0
2103.0,4019.0,602718.0
2103.0,4019.0,602820.0
2104.0,4019.0,602922.0
2103.0,4019.0,603024.0
2104.0,4019.0,603126.0
2104.0,4019.0,603228.0
2104.0,4019.0,603330.0
2103.0,4019.0,603432.0
2104.0,4019.0,603534.0
2103.0,4019.0,603636.0
2104.0,4021.0,603738.0
2103.0,4019.0,603840.0
2103.0,4020.0,603942.0
2103.0,4019.0,604044.0
2105.0,4019.0,604146.0
2102.0,4019.0,604248.0
2103.0,4019.0,604350.0
2101.0,4019.0,604452.0
2103.0,4019.0,604554.0
2103.0,4019.0,604656.0
2103.0,4021.0,604758.0
2103.0,4019.0,604860.0
2103.0,4019.0,604962.0
2102.0,4019.0,605064.0
2102.0,4019.0,605166.0
2102.0,4019.0,605268.0
2102.0,4019.0,605370.0
2102.0,4019.0,605472.0
2102.0,4019.0,605574.0
2103.0,4019.0,605676.0
2103.0,4021.0,605778.0
2104.0,4019.0,605880.0
2104.0,4019.0,605982.0
2103.0,4019.0,606084.0
2102.0,4019.0,606186.0
2102.0,4021.0,606288.0
2103.0,4019.0,606390.0
2104.0,4019.0,606492.0
2102.0,4021.0,606594.0
2103.0,4019.0,606696.0
2104.0,4019.0,606798.0
2102.0,4019.0,606900.0
2102.0,4019.0,607002.0
2104.0,4019.0,607104.0
2102.0,4019.0,607206.0
2104.0,4019.0,607308.0
2102.0,4019.0,607410.0
2102.0,4019.0,607512.0
2102.0,4019.0,607614.0
2103.0,4021.0,607716.0
2102.0,4019.0,607818.0
2103.0,4019.0,607920.0
2101.0,4019.0,608022.0
2103.0,4019.0,608124.0
2102.0,4019.0,608226.0
2102.0,4019.0,608328.0
2103.0,4019.0,608430.0
2103.0,4019.0,608532.0
2101.0,4019.0,608634.0
2103.0,4019.0,608736.0
2100.0,4019.0,608838.0
2102.0,4019.0,608940.0
2103.0,4019.0,609042.0
2103.0,4019.0,609144.0
2103.0,4019.0,609246.0
2103.0,4019.0,609348.0
2103.0,4019.0,609450.0
2103.0,4019.0,609552.0
2102.0,4019.0,609654.0
2102.0,4019.0,609756.0
2102.0,4019.0,609858.0
2101.0,4019.0,609960.0
2104.0,4019.0,610062.0
2104.0,4019.0,610164.0
2103.0,4019.0,610266.0
2103.0,4019.0,610368.0
2104.0,4022.0,610470.0
2104.0,4019.0,610572.0
2103.0,4019.0,610674.0
2102.0,4019.0,610776.0
2103.0,4019.0,610878.0
2103.0,4019.0,610980.0
2101.0,4021.0,611082.0
2103.0,4019.0,611184.0
2103.0,4019.0,611286.0
2102.0,4019.0,611388.0
2102.0,4019.0,611490.0
2103.0,4019.0,611592.0
2103.0,4019.0,611694.0
2101.0,4019.0,611796.0
2102.0,4020.0,611898.0
2102.0,4021.0,612000.0
2103.0,4019.0,612102.0
2102.0,4019.0,612204.0
2103.0,4019.0,612306.0
2101.0,4019.0,612408.0
2101.0,4019.0,612510.0
2102.0,4019.0,612612.0
2103.0,4019.0,612714.0
2103.0,4019.0,612816.0
2103.0,4019.0,612918.0
2102.0,4020.0,613020.0
2104.0,4019.0,613122.0
2103.0,4019.0,613224.0
2102.0,4019.0,613326.0
2102.0,4021.0,613428.0
2102.0,4019.0,613530.0
2101.0,4019.0,613632.0
2102.0,4019.0,613734.0
2101.0,4019.0,613836.0
2102.0,4019.0,613938.0
2103.0,4019.0,614040.0
2102.0,4019.0,614142.0
2102.0,4019.0,614244.0
2103.0,4019.0,614346.0
2101.0,4019.0,614448.0
2103.0,4019.0,614550.0
2101.0,4019.0,614652.0
2102.0,4021.0,614754.0
2101.0,4019.0,614856.0
2101.0,4019.0,614958.0
2102.0,4019.0,615060.0
2104.0,4019.0,615162.0
2102.0,4021.0,615264.0
2102.0,4019.0,615366.0
2100.0,4019.0,615468.0
2101.0,4019.0,615570.0
2103.0,4019.0,615672.0
2101.0,4021.0,615774.0
2102.0,4019.0,615876.0
2101.0,4019.0,615978.0
2100.0,4019.0,616080.0
2100.0,4019.0,616182.0
2101.0,4019.0,616284.0
2101.0,4019.0,616386.0
2102.0,4019.0,616488.0
2100.0,4019.0,616590.0
2101.0,4019.0,616692.0
2101.0,4019.0,616794.0
2099.0,4022.0,616896.0
2100.0,4019.0,616998.0
2101.0,4019.0,617100.0
2101.0,4019.0,617202.0
2101.0,4019.0,617304.0
2100.0,4019.0,617406.0
2101.0,4019.0,617508.0
2101.0,4019.0,617610.0
2103.0,4022.0,617712.0
2102.0,4019.0,617814.0
2100.0,4019.0,617916.0
2101.0,4019.0,618018.0
2100.0,4019.0,618120.0
2102.0,4019.0,618222.0
2101.0,4019.0,618324.0
2101.0,4019.0,618426.0
2102.0,4019.0,618528.0
2102.0,4019.0,618630.0
2099.0,4020.0,618732.0
2101.0,4019.0,618834.0
2099.0,4019.0,618936.0
2102.0,4019.0,619038.0
2101.0,4019.0,619140.0
2101.0,4019.0,619242.0
2100.0,4019.0,619344.0
2100.0,4019.0,619446.0
2100.0,4019.0,619548.0
2102.0,4019.0,619650.0
2100.0,4021.0,619752.0
2103.0,4019.0,619854.0
2101.0,4019.0,619956.0
2103.0,4019.0,620058.0
2101.0,4019.0,620160.0
2100.0,4021.0,620262.0
2102.0,4021.0,620364.0
2100.0,4019.0,620466.0
2100.0,4021.0,620568.0
2101.0,4019.0,620670.0
2100.0,4021.0,620772.0
2101.0,4019.0,620874.0
2102.0,4019.0,620976.0
2103.0,4021.0,621078.0
2102.0,4019.0,621180.0
2101.0,4021.0,621282.0
2101.0,4019.0,621384.0
2101.0,4019.0,621486.0
2099.0,4021.0,621588.0
2100.0,4019.0,621690.0
2101.0,4019.0,621792.0
2100.0,4021.0,621894.0
2101.0,4019.0,621996.0
2101.0,4019.0,622098.0
2101.0,4019.0,622200.0
2101.0,4019.0,622302.0
2100.0,4019.0,622404.0
2100.0,4019.0,622506.0
2102.0,4019.0,622608.0
2102.0,4019.0,622710.0
2101.0,4019.0,622812.0
2101.0,4019.0,622914.0
2101.0,4019.0,623016.0
2102.0,4021.0,623118.0
2100.0,4019.0,623220.0
2101.0,4019.0,623322.0
2099.0,4022.0,623424.0
2101.0,4019.0,623526.0
2099.0,4021.0,623628.0
2099.0,4021.0,623730.0
2101.0,4019.0,623832.0
2100.0,4021.0,623934.0
2100.0,4019.0,624036.0
2100.0,4021.0,624138.0
2101.0,4019.0,624240.0
2100.0,4019.0,624342.0
2100.0,4022.0,624444.0
2101.0,4019.0,624546.0
2100.0,4019.0,624648.0
2100.0,4020.0,624750.0
2101.0,4019.0,624852.0
2100.0,4021.0,624954.0
2100.0,4019.0,625056.0
2100.0,4019.0,625158.0
2101.0,4020.0,625260.0
2101.0,4019.0,625362.0
2102.0,4019.0,625464.0
2100.0,4019.0,625566.0
2100.0,4021.0,625668.0
2100.0,4019.0,625770.0
2101.0,4021.0,625872.0
2100.0,4019.0,625974.0
2101.0,4021.0,626076.0
2100.0,4019.0,626178.0
2101.0,4019.0,626280.0
2101.0,4019.0,626382.0
2100.0,4019.0,626484.0
2099.0,4019.0,626586.0
2100.0,4019.0,626688.0
2101.0,4021.0,626790.0
2101.0,4019.0,626892.0
2100.0,4021.0,626994.0
2101.0,4019.0,627096.0
2103.0,4019.0,627198.0
2102.0,4019.0,627300.0
2101.0,4019.0,627402.0
2102.0,4022.0,627504.0
2102.0,4022.0,627606.0
2101.0,4019.0,627708.0
2100.0,4019.0,627810.0
2102.0,4019.0,627912.0
2102.0,4021.0,628014.0
2102.0,4019.0,628116.0
2102.0,4021.0,628218.0
2101.0,4019.0,628320.0
2102.0,4019.0,628422.0
2102.0,4019.0,628524.0
2102.0,4019.0,628626.0
2100.0,4019.0,628728.0
2100.0,4021.0,628830.0
2101.0,4019.0,628932.0
2102.0,4021.0,629034.0
2101.0,4019.0,629136.0
2103.0,4019.0,629238.0
2100.0,4022.0,629340.0
2103.0,4019.0,629442.0
2100.0,4019.0,629544.0
2103.0,4019.0,629646.0
2101.0,4019.0,629748.0
2101.0,4019.0,629850.0
2101.0,4019.0,629952.0
2101.0,4019.0,630054.0
2101.0,4019.0,630156.0
2103.0,4019.0,630258.0
2101.0,4019.0,630360.0
2104.0,4019.0,630462.0
2102.0,4021.0,630564.0
2102.0,4019.0,630666.0
2102.0,4019.0,630768.0
2103.0,4019.0,630870.0
2103.0,4019.0,630972.0
2104.0,4019.0,631074.0
2103.0,4019.0,631176.0
2102.0,4019.0,631278.0
2104.0,4019.0,631380.0
2101.0,4019.0,631482.0
2102.0,4021.0,631584.0
2103.0,4019.0,631686.0
2102.0,4019.0,631788.0
2103.0,4019.0,631890.0
2102.0,4019.0,631992.0
2103.0,4019.0,632094.0
2103.0,4019.0,632196.0
2105.0,4019.0,632298.0
2101.0,4019.0,632400.0
2103.0,4019.0,632502.0
2102.0,4019.0,632604.0
2101.0,4019.0,632706.0
2102.0,4019.0,632808.0
2102.0,4019.0,632910.0
2102.0,4019.0,633012.0
2102.0,4019.0,633114.0
2103.0,4019.0,633216.0
2102.0,4019.0,633318.0
2103.0,4019.0,633420.0
2102.0,4019.0,633522.0
2103.0,4021.0,633624.0
2102.0,4019.0,633726.0
2103.0,4019.0,633828.0
2103.0,4019.0,633930.0
2102.0,4019.0,634032.0
2102.0,4021.0,634134.0
2103.0,4019.0,634236.0
2103.0,4019.0,634338.0
2101.0,4019.0,634440.0
2101.0,4019.0,634542.0
2103.0,4019.0,634644.0
2102.0,4019.0,634746.0
2103.0,4019.0,634848.0
2103.0,4019.0,634950.0
2102.0,4019.0,635052.0
2104.0,4019.0,635154.0
2103.0,4019.0,635256.0
2102.0,4019.0,635358.0
2101.0,4019.0,635460.0
2102.0,4019.0,635562.0
2100.0,4019.0,635664.0
2101.0,4019.0,635766.0
2102.0,4019.0,635868.0
2103.0,4019.0,635970.0
2101.0,4019.0,636072.0
2103.0,4019.0,636174.0
2101.0,4022.0,636276.0
2103.0,4019.0,636378.0
2100.0,4020.0,636480.0
2102.0,4021.0,636582.0
2101.0,4022.0,636684.0
2101.0,4019.0,636786.0
2101.0,4019.0,636888.0
2102.0,4022.0,636990.0
2102.0,4019.0,637092.0
2102.0,4019.0,637194.0
2099.0,4019.0,637296.0
2102.0,4019.0,637398.0
2101.0,4019.0,637500.0
2101.0,4019.0,637602.0
2101.0,4019.0,637704.0
2100.0,4019.0,637806.0
2098.0,4019.0,637908.0
2101.0,4019.0,638010.0
2100.0,4019.0,638112.0
2100.0,4019.0,638214.0
2100.0,4019.0,638316.0
2102.0,4021.0,638418.0
2100.0,4019.0,638520.0
2100.0,4021.0,638622.0
2100.0,4019.0,638724.0
2100.0,4019.0,638826.0
2098.0,4021.0,638928.0
2099.0,4019.0,639030.0
2101.0,4019.0,639132.0
2100.0,4019.0,639234.0
2101.0,4019.0,639336.0
2101.0,4019.0,639438.0
2101.0,4019.0,639540.0
2101.0,4019.0,639642.0
2100.0,4019.0,639744.0
2099.0,4019.0,639846.0
2100.0,4019.0,639948.0
2100.0,4019.0,640050.0
2100.0,4019.0,640152.0
2100.0,4019.0,640254.0
2099.0,4020.0,640356.0
2101.0,4021.0,640458.0
2100.0,4022.0,640560.0
2101.0,4019.0,640662.0
2101.0,4019.0,640764.0
2100.0,4019.0,640866.0
2101.0,4019.0,640968.0
2099.0,4019.0,641070.0
2101.0,4019.0,641172.0
2100.0,4019.0,641274.0
2100.0,4019.0,641376.0
2100.0,4019.0,641478.0
2101.0,4020.0,641580.0
2101.0,4019.0,641682.0
2100.0,4019.0,641784.0
2100.0,4019.0,641886.0
2100.0,4019.0,641988.0
2099.0,4019.0,642090.0
2100.0,4021.0,642192.0
2099.0,4021.0,642294.0
2099.0,4019.0,642396.0
2101.0,4019.0,642498.0
2099.0,4019.0,642600.0
2100.0,4019.0,642702.0
2099.0,4019.0,642804.0
2099.0,4019.0,642906.0
2099.0,4019.0,643008.0
2099.0,4019.0,643110.0
2100.0,4019.0,643212.0
2100.0,4019.0,643314.0
2100.0,4019.0,643416.0
2101.0,4019.0,643518.0
2101.0,4023.0,643620.0
2101.0,4019.0,643722.0
2100.0,4019.0,643824.0
2099.0,4021.0,643926.0
2100.0,4019.0,644028.0
2100.0,4019.0,644130.0
2100.0,4019.0,644232.0
2100.0,4019.0,644334.0
2100.0,4019.0,644436.0
2101.0,4022.0,644538.0
2099.0,4021.0,644640.0
2101.0,4019.0,644742.0
2100.0,4021.0,644844.0
2102.0,4019.0,644946.0
2102.0,4019.0,645048.0
2103.0,4019.0,645150.0
2103.0,4019.0,645252.0
2102.0,4019.0,645354.0
2103.0,4019.0,645456.0
2103.0,4019.0,645558.0
2102.0,4021.0,645660.0
2103.0,4021.0,645762.0
2102.0,4019.0,645864.0
2102.0,4019.0,645966.0
2099.0,4022.0,646068.0
2102.0,4019.0,646170.0
2100.0,4019.0,646272.0
2102.0,4019.0,646374.0
2100.0,4022.0,646476.0
2100.0,4019.0,646578.0
2101.0,4019.0,646680.0
2099.0,4019.0,646782.0
2100.0,4019.0,646884.0
2100.0,4019.0,646986.0
2101.0,4019.0,647088.0
2099.0,4021.0,647190.0
2099.0,4019.0,647292.0
2099.0,4019.0,647394.0
2100.0,4019.0,647496.0
2101.0,4021.0,647598.0
2101.0,4019.0,647700.0
2100.0,4019.0,647802.0
2100.0,4019.0,647904.0
2100.0,4019.0,648006.0
2099.0,4019.0,648108.0
2101.0,4019.0,648210.0
2100.0,4021.0,648312.0
2101.0,4019.0,648414.0
2100.0,4019.0,648516.0
2101.0,4020.0,648618.0
2100.0,4021.0,648720.0
2101.0,4022.0,648822.0
2101.0,4019.0,648924.0
2101.0,4022.0,649026.0
2100.0,4020.0,649128.0
2101.0,4021.0,649230.0
2100.0,4019.0,649332.0
2100.0,4019.0,649434.0
2101.0,4019.0,649536.0
2102.0,4021.0,649638.0
2103.0,4019.0,649740.0
2103.0,4022.0,649842.0
2101.0,4019.0,649944.0
2102.0,4019.0,650046.0
2102.0,4019.0,650148.0
2103.0,4022.0,650250.0
2103.0,4019.0,650352.0
2103.0,4019.0,650454.0
2104.0,4022.0,650556.0
2104.0,4019.0,650658.0
2104.0,4019.0,650760.0
2103.0,4019.0,650862.0
2104.0,4019.0,650964.0
2104.0,4022.0,651066.0
2104.0,4019.0,651168.0
2104.0,4019.0,651270.0
2103.0,4019.0,651372.0
2104.0,4021.0,651474.0
2104.0,4019.0,651576.0
2104.0,4021.0,651678.0
2105.0,4021.0,651780.0
2103.0,4019.0,651882.0
2104.0,4019.0,651984.0
2105.0,4019.0,652086.0
2105.0,4019.0,652188.0
2104.0,4019.0,652290.0
2106.0,4019.0,652392.0
2102.0,4019.0,652494.0
2105.0,4019.0,652596.0
2106.0,4019.0,652698.0
2104.0,4019.0,652800.0
2105.0,4021.0,652902.0
2104.0,4019.0,653004.0
2105.0,4019.0,653106.0
2104.0,4019.0,653208.0
2104.0,4019.0,653310.0
2107.0,4022.0,653412.0
2104.0,4019.0,653514.0
2105.0,4019.0,653616.0
2104.0,4019.0,653718.0
2104.0,4019.0,653820.0
2107.0,4019.0,653922.0
2105.0,4019.0,654024.0
2106.0,4019.0,654126.0
2106.0,4019.0,654228.0
2106.0,4019.0,654330.0
2106.0,4019.0,654432.0
2105.0,4019.0,654534.0
2104.0,4019.0,654636.0
2105.0,4019.0,654738.0
2106.0,4021.0,654840.0
2105.0,4019.0,654942.0
2105.0,4019.0,655044.0
2107.0,4021.0,655146.0
2106.0,4019.0,655248.0
2105.0,4019.0,655350.0
2105.0,4021.0,655452.0
2106.0,4019.0,655554.0
2106.0,4019.0,655656.0
2105.0,4019.0,655758.0
2106.0,4019.0,655860.0
2105.0,4019.0,655962.0
2106.0,4019.0,656064.0
2106.0,4019.0,656166.0
2107.0,4019.0,656268.0
2107.0,4019.0,656370.0
2106.0,4019.0,656472.0
2106.0,4019.0,656574.0
2107.0,4019.0,656676.0
2106.0,4019.0,656778.0
2108.0,4019.0,656880.0
2105.0,4019.0,656982.0
2106.0,4019.0,657084.0
2105.0,4019.0,657186.0
2107.0,4019.0,657288.0
2106.0,4019.0,657390.0
2106.0,4019.0,657492.0
2107.0,4019.0,657594.0
2106.0,4022.0,657696.0
2108.0,4019.0,657798.0
2105.0,4019.0,657900.0
2107.0,4019.0,658002.0
2106.0,4019.0,658104.0
2108.0,4019.0,658206.0
2107.0,4019.0,658308.0
2106.0,4021.0,658410.0
2105.0,4019.0,658512.0
2106.0,4019.0,658614.0
2107.0,4021.0,658716.0
2107.0,4019.0,658818.0
2106.0,4019.0,658920.0
2108.0,4019.0,659022.0
2106.0,4019.0,659124.0
2107.0,4019.0,659226.0
2108.0,4019.0,659328.0
2107.0,4020.0,659430.0
2107.0,4019.0,659532.0
2107.0,4019.0,659634.0
2107.0,4019.0,659736.0
2107.0,4019.0,659838.0
2107.0,4019.0,659940.0
2107.0,4019.0,660042.0
2108.0,4022.0,660144.0
2107.0,4019.0,660246.0
2108.0,4019.0,660348.0
2108.0,4019.0,660450.0
2106.0,4019.0,660552.0
2109.0,4022.0,660654.0
2107.0,4021.0,660756.0
2108.0,4019.0,660858.0
2107.0,4021.0,660960.0
2108.0,4019.0,661062.0
2109.0,4019.0,661164.0
2108.0,4019.0,661266.0
2108.0,4019.0,661368.0
2108.0,4019.0,661470.0
2109.0,4019.0,661572.0
2108.0,4019.0,661674.0
2108.0,4019.0,661776.0
2108.0,4019.0,661878.0
2106.0,4019.0,661980.0
2107.0,4019.0,662082.0
2108.0,4019.0,662184.0
2107.0,4019.0,662286.0
2108.0,4019.0,662388.0
2108.0,4019.0,662490.0
2106.0,4019.0,662592.0
2107.0,4021.0,662694.0
2107.0,4019.0,662796.0
2107.0,4019.0,662898.0
2108.0,4019.0,663000.0
2107.0,4019.0,663102.0
2108.0,4019.0,663204.0
2107.0,4019.0,663306.0
2106.0,4019.0,663408.0
2107.0,4019.0,663510.0
2106.0,4021.0,663612.0
2107.0,4019.0,663714.0
2109.0,4019.0,663816.0
2107.0,4021.0,663918.0
2107.0,4019.0,664020.0
2108.0,4019.0,664122.0
2108.0,4019.0,664224.0
2107.0,4019.0,664326.0
2107.0,4019.0,664428.0
2107.0,4019.0,664530.0
2108.0,4022.0,664632.0
2109.0,4019.0,664734.0
2107.0,4019.0,664836.0
2109.0,4019.0,664938.0
2108.0,4019.0,665040.0
2108.0,4019.0,665142.0
2109.0,4019.0,665244.0
2107.0,4021.0,665346.0
2106.0,4021.0,665448.0
2107.0,4019.0,665550.0
2106.0,4021.0,665652.0
2108.0,4019.0,665754.0
2108.0,4019.0,665856.0
2107.0,4019.0,665958.0
2107.0,4019.0,666060.0
2108.0,4019.0,666162.0
2110.0,4019.0,666264.0
2108.0,4021.0,666366.0
2108.0,4019.0,666468.0
2107.0,4019.0,666570.0
2108.0,4019.0,666672.0
2108.0,4019.0,666774.0
2108.0,4019.0,666876.0
2107.0,4019.0,666978.0
2107.0,4021.0,667080.0
2107.0,4021.0,667182.0
2108.0,4019.0,667284.0
2108.0,4019.0,667386.0
2107.0,4019.0,667488.0
2107.0,4019.0,667590.0
2107.0,4019.0,667692.0
2107.0,4021.0,667794.0
2105.0,4019.0,667896.0
2107.0,4019.0,667998.0
2106.0,4019.0,668100.0
2106.0,4019.0,668202.0
2107.0,4019.0,668304.0
2108.0,4019.0,668406.0
2108.0,4019.0,668508.0
2108.0,4019.0,668610.0
2108.0,4019.0,668712.0
2108.0,4021.0,668814.0
2107.0,4019.0,668916.0
2108.0,4019.0,669018.0
2107.0,4019.0,669120.0
2107.0,4019.0,669222.0
2108.0,4019.0,669324.0
2108.0,4019.0,669426.0
2108.0,4019.0,669528.0
2109.0,4019.0,669630.0
2107.0,4019.0,669732.0
2108.0,4019.0,669834.0
2106.0,4021.0,669936.0
2109.0,4019.0,670038.0
2107.0,4019.0,670140.0
2107.0,4019.0,670242.0
2106.0,4019.0,670344.0
2107.0,4019.0,670446.0
2107.0,4019.0,670548.0
2107.0,4019.0,670650.0
2108.0,4019.0,670752.0
2107.0,4019.0,670854.0
2107.0,4019.0,670956.0
2107.0,4019.0,671058.0
2106.0,4019.0,671160.0
2106.0,4019.0,671262.0
2108.0,4020.0,671364.0
2107.0,4019.0,671466.0
2107.0,4019.0,671568.0
2106.0,4020.0,671670.0
2108.0,4019.0,671772.0
2107.0,4019.0,671874.0
2107.0,4020.0,671976.0
2107.0,4019.0,672078.0
2108.0,4019.0,672180.0
2107.0,4019.0,672282.0
2107.0,4019.0,672384.0
2106.0,4019.0,672486.0
2107.0,4021.0,672588.0
2107.0,4019.0,672690.0
2108.0,4019.0,672792.0
2108.0,4019.0,672894.0
2107.0,4019.0,672996.0
2107.0,4019.0,673098.0
2107.0,4019.0,673200.0
2108.0,4021.0,673302.0
2107.0,4019.0,673404.0
2106.0,4021.0,673506.0
2107.0,4019.0,673608.0
2108.0,4019.0,673710.0
2107.0,4019.0,673812.0
2109.0,4019.0,673914.0
2108.0,4019.0,674016.0
2109.0,4019.0,674118.0
2108.0,4019.0,674220.0
2109.0,4019.0,674322.0
2107.0,4019.0,674424.0
2107.0,4019.0,674526.0
2107.0,4021.0,674628.0
2107.0,4019.0,674730.0
2107.0,4019.0,674832.0
2109.0,4019.0,674934.0
2108.0,4019.0,675036.0
2108.0,4019.0,675138.0
2107.0,4019.0,675240.0
2110.0,4019.0,675342.0
2108.0,4019.0,675444.0
2106.0,4021.0,675546.0
2107.0,4019.0,675648.0
2110.0,4019.0,675750.0
2107.0,4019.0,675852.0
2108.0,4019.0,675954.0
2108.0,4019.0,676056.0
2108.0,4021.0,676158.0
2107.0,4019.0,676260.0
2107.0,4019.0,676362.0
2108.0,4019.0,676464.0
2108.0,4019.0,676566.0
2109.0,4019.0,676668.0
2108.0,4019.0,676770.0
2108.0,4019.0,676872.0
2107.0,4019.0,676974.0
2107.0,4019.0,677076.0
2107.0,4019.0,677178.0
2106.0,4019.0,677280.0
2107.0,4019.0,677382.0
2107.0,4019.0,677484.0
2109.0,4019.0,677586.0
2109.0,4019.0,677688.0
2109.0,4019.0,677790.0
2109.0,4019.0,677892.0
2107.0,4019.0,677994.0
2105.0,4019.0,678096.0
2106.0,4019.0,678198.0
2106.0,4019.0,678300.0
2108.0,4019.0,678402.0
2108.0,4019.0,678504.0
2110.0,4019.0,678606.0
2110.0,4019.0,678708.0
2110.0,4019.0,678810.0
2111.0,4019.0,678912.0
2108.0,4019.0,679014.0
2108.0,4019.0,679116.0
2107.0,4019.0,679218.0
2108.0,4019.0,679320.0
2106.0,4019.0,679422.0
2107.0,4019.0,679524.0
2104.0,4020.0,679626.0
2108.0,4021.0,679728.0
2107.0,4019.0,679830.0
2109.0,4019.0,679932.0
2110.0,4019.0,680034.0
2108.0,4019.0,680136.0
2109.0,4019.0,680238.0
2110.0,4019.0,680340.0
2109.0,4019.0,680442.0
2107.0,4019.0,680544.0
2106.0,4019.0,680646.0
2107.0,4019.0,680748.0
2108.0,4019.0,680850.0
2108.0,4019.0,680952.0
2111.0,4019.0,681054.0
2111.0,4021.0,681156.0
2110.0,4019.0,681258.0
2110.0,4019.0,681360.0
2110.0,4019.0,681462.0
2109.0,4019.0,681564.0
2108.0,4019.0,681666.0
2109.0,4019.0,681768.0
2109.0,4019.0,681870.0
2109.0,4019.0,681972.0
2110.0,4022.0,682074.0
2107.0,4019.0,682176.0
2110.0,4021.0,682278.0
2109.0,4019.0,682380.0
2110.0,4019.0,682482.0
2110.0,4019.0,682584.0
2112.0,4019.0,682686.0
2109.0,4019.0,682788.0
2110.0,4019.0,682890.0
2108.0,4019.0,682992.0
2108.0,4019.0,683094.0
2109.0,4021.0,683196.0
2110.0,4019.0,683298.0
2110.0,4021.0,683400.0
2108.0,4019.0,683502.0
2107.0,4019.0,683604.0
2104.0,4019.0,683706.0
2100.0,4019.0,683808.0
2102.0,4019.0,683910.0
2102.0,4019.0,684012.0
2102.0,4019.0,684114.0
2103.0,4019.0,684216.0
2103.0,4021.0,684318.0
2104.0,4019.0,684420.0
2105.0,4019.0,684522.0
2106.0,4019.0,684624.0
2107.0,4019.0,684726.0
2107.0,4019.0,684828.0
2108.0,4019.0,684930.0
2109.0,4019.0,685032.0
2108.0,4019.0,685134.0
2107.0,4019.0,685236.0
2108.0,4021.0,685338.0
2108.0,4019.0,685440.0
2108.0,4019.0,685542.0
2109.0,4019.0,685644.0
2107.0,4019.0,685746.0
2108.0,4019.0,685848.0
2108.0,4021.0,685950.0
2108.0,4019.0,686052.0
2108.0,4019.0,686154.0
2109.0,4019.0,686256.0
2109.0,4019.0,686358.0
2109.0,4019.0,686460.0
2108.0,4019.0,686562.0
2110.0,4019.0,686664.0
2108.0,4019.0,686766.0
2110.0,4019.0,686868.0
2110.0,4019.0,686970.0
2112.0,4019.0,687072.0
2109.0,4019.0,687174.0
2109.0,4019.0,687276.0
2110.0,4019.0,687378.0
2111.0,4019.0,687480.0
2110.0,4019.0,687582.0
2111.0,4019.0,687684.0
2112.0,4019.0,687786.0
2112.0,4019.0,687888.0
2116.0,4019.0,687990.0
2117.0,4019.0,688092.0
2119.0,4019.0,688194.0
2122.0,4019.0,688296.0
2121.0,4019.0,688398.0
2122.0,4019.0,688500.0
2122.0,4021.0,688602.0
2122.0,4019.0,688704.0
2122.0,4019.0,688806.0
2122.0,4019.0,688908.0
2122.0,4019.0,689010.0
2122.0,4019.0,689112.0
2121.0,4019.0,689214.0
2121.0,4021.0,689316.0
2121.0,4019.0,689418.0
2121.0,4020.0,689520.0
2119.0,4019.0,689622.0
2122.0,4019.0,689724.0
2120.0,4019.0,689826.0
2120.0,4019.0,689928.0
2120.0,4019.0,690030.0
2119.0,4021.0,690132.0
2119.0,4019.0,690234.0
2121.0,4019.0,690336.0
2121.0,4019.0,690438.0
2121.0,4019.0,690540.0
2119.0,4019.0,690642.0
2120.0,4020.0,690744.0
2121.0,4021.0,690846.0
2120.0,4021.0,690948.0
2122.0,4019.0,691050.0
2121.0,4019.0,691152.0
2123.0,4019.0,691254.0
2121.0,4019.0,691356.0
2118.0,4019.0,691458.0
2118.0,4019.0,691560.0
2118.0,4019.0,691662.0
2120.0,4019.0,691764.0
2119.0,4019.0,691866.0
2120.0,4019.0,691968.0
2119.0,4019.0,692070.0
2119.0,4019.0,692172.0
2119.0,4021.0,692274.0
2120.0,4020.0,692376.0
2121.0,4019.0,692478.0
2120.0,4021.0,692580.0
2119.0,4019.0,692682.0
2122.0,4019.0,692784.0
2120.0,4019.0,692886.0
2121.0,4019.0,692988.0
2120.0,4019.0,693090.0
2120.0,4019.0,693192.0
2122.0,4021.0,693294.0
2121.0,4019.0,693396.0
2118.0,4019.0,693498.0
2120.0,4019.0,693600.0
2119.0,4019.0,693702.0
2121.0,4019.0,693804.0
2119.0,4019.0,693906.0
2120.0,4021.0,694008.0
2118.0,4019.0,694110.0
2118.0,4019.0,694212.0
2118.0,4019.0,694314.0
2118.0,4019.0,694416.0
2117.0,4019.0,694518.0
2117.0,4019.0,694620.0
2116.0,4019.0,694722.0
2118.0,4019.0,694824.0
2119.0,4019.0,694926.0
2121.0,4019.0,695028.0
2120.0,4019.0,695130.0
2120.0,4019.0,695232.0
2119.0,4021.0,695334.0
2120.0,4019.0,695436.0
2120.0,4019.0,695538.0
2120.0,4019.0,695640.0
2122.0,4019.0,695742.0
2122.0,4019.0,695844.0
2120.0,4019.0,695946.0
2120.0,4019.0,696048.0
2120.0,4019.0,696150.0
2118.0,4019.0,696252.0
2120.0,4019.0,696354.0
2117.0,4019.0,696456.0
2119.0,4021.0,696558.0
2118.0,4019.0,696660.0
2120.0,4019.0,696762.0
2120.0,4019.0,696864.0
2120.0,4019.0,696966.0
2120.0,4019.0,697068.0
2123.0,4019.0,697170.0
2120.0,4019.0,697272.0
2122.0,4019.0,697374.0
2120.0,4019.0,697476.0
2120.0,4021.0,697578.0
2120.0,4019.0,697680.0
2120.0,4021.0,697782.0
2119.0,4019.0,697884.0
2120.0,4021.0,697986.0
2120.0,4019.0,698088.0
2120.0,4021.0,698190.0
2120.0,4019.0,698292.0
2120.0,4019.0,698394.0
2119.0,4019.0,698496.0
2121.0,4019.0,698598.0
2120.0,4019.0,698700.0
2121.0,4019.0,698802.0
2120.0,4019.0,698904.0
2122.0,4019.0,699006.0
2123.0,4021.0,699108.0
2121.0,4019.0,699210.0
2122.0,4019.0,699312.0
2121.0,4019.0,699414.0
2121.0,4019.0,699516.0
2122.0,4019.0,699618.0
2123.0,4019.0,699720.0
2122.0,4019.0,699822.0
2122.0,4019.0,699924.0
2120.0,4019.0,700026.0
2122.0,4021.0,700128.0
2120.0,4019.0,700230.0
2121.0,4019.0,700332.0
2121.0,4019.0,700434.0
2122.0,4019.0,700536.0
2122.0,4021.0,700638.0
2123.0,4019.0,700740.0
2120.0,4019.0,700842.0
2121.0,4019.0,700944.0
2120.0,4019.0,701046.0
2120.0,4019.0,701148.0
2123.0,4019.0,701250.0
2124.0,4022.0,701352.0
2123.0,4019.0,701454.0
2123.0,4019.0,701556.0
2122.0,4019.0,701658.0
2122.0,4019.0,701760.0
2122.0,4019.0,701862.0
2121.0,4019.0,701964.0
2120.0,4019.0,702066.0
2120.0,4019.0,702168.0
2119.0,4019.0,702270.0
2120.0,4019.0,702372.0
2120.0,4019.0,702474.0
2122.0,4021.0,702576.0
2122.0,4019.0,702678.0
2123.0,4019.0,702780.0
2123.0,4019.0,702882.0
2123.0,4019.0,702984.0
2124.0,4019.0,703086.0
2124.0,4019.0,703188.0
2123.0,4019.0,703290.0
2122.0,4019.0,703392.0
2121.0,4019.0,703494.0
2122.0,4021.0,703596.0
2124.0,4019.0,703698.0
2121.0,4019.0,703800.0
2122.0,4019.0,703902.0
2122.0,4019.0,704004.0
2120.0,4019.0,704106.0
2120.0,4019.0,704208.0
2124.0,4019.0,704310.0
2122.0,4019.0,704412.0
2124.0,4020.0,704514.0
2123.0,4019.0,704616.0
2124.0,4019.0,704718.0
2125.0,4021.0,704820.0
2123.0,4019.0,704922.0
2124.0,4019.0,705024.0
2123.0,4021.0,705126.0
2123.0,4021.0,705228.0
2123.0,4019.0,705330.0
2123.0,4019.0,705432.0
2124.0,4019.0,705534.0
2122.0,4019.0,705636.0
2123.0,4019.0,705738.0
2122.0,4019.0,705840.0
2123.0,4019.0,705942.0
2123.0,4021.0,706044.0
2122.0,4019.0,706146.0
2120.0,4019.0,706248.0
2120.0,4019.0,706350.0
2120.0,4019.0,706452.0
2118.0,4019.0,706554.0
2119.0,4019.0,706656.0
2120.0,4019.0,706758.0
2122.0,4019.0,706860.0
2121.0,4019.0,706962.0
2119.0,4019.0,707064.0
2118.0,4019.0,707166.0
2117.0,4019.0,707268.0
2117.0,4019.0,707370.0
2115.0,4019.0,707472.0
2120.0,4019.0,707574.0
2124.0,4019.0,707676.0
2121.0,4019.0,707778.0
2120.0,4019.0,707880.0
2117.0,4019.0,707982.0
2117.0,4019.0,708084.0
2116.0,4019.0,708186.0
2116.0,4019.0,708288.0
2117.0,4022.0,708390.0
2116.0,4021.0,708492.0
2118.0,4022.0,708594.0
2117.0,4021.0,708696.0
2120.0,4019.0,708798.0
2120.0,4019.0,708900.0
2122.0,4021.0,709002.0
2121.0,4019.0,709104.0
2121.0,4019.0,709206.0
2120.0,4019.0,709308.0
2119.0,4021.0,709410.0
2119.0,4021.0,709512.0
2118.0,4019.0,709614.0
2117.0,4019.0,709716.0
2115.0,4019.0,709818.0
2116.0,4021.0,709920.0
2117.0,4021.0,710022.0
2118.0,4021.0,710124.0
2116.0,4019.0,710226.0
2117.0,4019.0,710328.0
2117.0,4019.0,710430.0
2119.0,4019.0,710532.0
2118.0,4019.0,710634.0
2119.0,4019.0,710736.0
2119.0,4021.0,710838.0
2121.0,4021.0,710940.0
2120.0,4019.0,711042.0
2120.0,4019.0,711144.0
2120.0,4019.0,711246.0
2120.0,4019.0,711348.0
2120.0,4019.0,711450.0
2120.0,4019.0,711552.0
2120.0,4019.0,711654.0
2118.0,4019.0,711756.0
2116.0,4019.0,711858.0
2112.0,4022.0,711960.0
2115.0,4019.0,712062.0
2116.0,4022.0,712164.0
2117.0,4019.0,712266.0
2117.0,4019.0,712368.0
2117.0,4019.0,712470.0
2118.0,4019.0,712572.0
2119.0,4019.0,712674.0
2120.0,4020.0,712776.0
2120.0,4021.0,712878.0
2119.0,4021.0,712980.0
2119.0,4019.0,713082.0
2116.0,4019.0,713184.0
2117.0,4019.0,713286.0
2116.0,4019.0,713388.0
2116.0,4019.0,713490.0
2115.0,4019.0,713592.0
2116.0,4019.0,713694.0
2114.0,4019.0,713796.0
2117.0,4019.0,713898.0
2119.0,4019.0,714000.0
2121.0,4019.0,714102.0
2121.0,4019.0,714204.0
2119.0,4019.0,714306.0
2115.0,4019.0,714408.0
2116.0,4019.0,714510.0
2114.0,4019.0,714612.0
2116.0,4019.0,714714.0
2116.0,4019.0,714816.0
2119.0,4021.0,714918.0
2118.0,4019.0,715020.0
2120.0,4020.0,715122.0
2119.0,4019.0,715224.0
2120.0,4019.0,715326.0
2118.0,4019.0,715428.0
2118.0,4019.0,715530.0
2117.0,4019.0,715632.0
2118.0,4019.0,715734.0
2117.0,4019.0,715836.0
2119.0,4019.0,715938.0
2116.0,4020.0,716040.0
2113.0,4019.0,716142.0
2113.0,4019.0,716244.0
2115.0,4019.0,716346.0
2115.0,4019.0,716448.0
2117.0,4021.0,716550.0
2120.0,4019.0,716652.0
2120.0,4019.0,716754.0
2118.0,4019.0,716856.0
2119.0,4019.0,716958.0
2116.0,4019.0,717060.0
2116.0,4019.0,717162.0
2115.0,4019.0,717264.0
2116.0,4019.0,717366.0
2116.0,4019.0,717468.0
2117.0,4019.0,717570.0
2119.0,4021.0,717672.0
2118.0,4019.0,717774.0
2121.0,4019.0,717876.0
2119.0,4021.0,717978.0
2117.0,4019.0,718080.0
2117.0,4019.0,718182.0
2114.0,4019.0,718284.0
2116.0,4019.0,718386.0
2114.0,4019.0,718488.0
2116.0,4019.0,718590.0
2116.0,4019.0,718692.0
2117.0,4019.0,718794.0
2118.0,4019.0,718896.0
2120.0,4020.0,718998.0
2120.0,4019.0,719100.0
2121.0,4019.0,719202.0
2121.0,4019.0,719304.0
2118.0,4019.0,719406.0
2115.0,4019.0,719508.0
2114.0,4019.0,719610.0
2115.0,4019.0,719712.0
2115.0,4019.0,719814.0
2116.0,4021.0,719916.0
2116.0,4019.0,720018.0
2115.0,4019.0,720120.0
2119.0,4019.0,720222.0
2119.0,4019.0,720324.0
2119.0,4019.0,720426.0
2118.0,4019.0,720528.0
2117.0,4019.0,720630.0
2116.0,4019.0,720732.0
2116.0,4019.0,720834.0
2115.0,4019.0,720936.0
2115.0,4019.0,721038.0
2116.0,4019.0,721140.0
2115.0,4021.0,721242.0
2117.0,4019.0,721344.0
2118.0,4019.0,721446.0
2117.0,4019.0,721548.0
2115.0,4019.0,721650.0
2116.0,4019.0,721752.0
2115.0,4019.0,721854.0
2116.0,4019.0,721956.0
2116.0,4019.0,722058.0
2118.0,4019.0,722160.0
2117.0,4019.0,722262.0
2117.0,4021.0,722364.0
2116.0,4019.0,722466.0
2117.0,4019.0,722568.0
2115.0,4019.0,722670.0
2118.0,4020.0,722772.0
2118.0,4019.0,722874.0
2117.0,4019.0,722976.0
2118.0,4019.0,723078.0
2116.0,4022.0,723180.0
2116.0,4019.0,723282.0
2117.0,4019.0,723384.0
2117.0,4019.0,723486.0
2117.0,4021.0,723588.0
2116.0,4019.0,723690.0
2116.0,4019.0,723792.0
2116.0,4019.0,723894.0
2117.0,4021.0,723996.0
2117.0,4019.0,724098.0
2116.0,4019.0,724200.0
2116.0,4019.0,724302.0
2117.0,4019.0,724404.0
2117.0,4020.0,724506.0
2117.0,4021.0,724608.0
2116.0,4019.0,724710.0
2116.0,4019.0,724812.0
2118.0,4021.0,724914.0
2117.0,4019.0,725016.0
2117.0,4021.0,725118.0
2117.0,4019.0,725220.0
2118.0,4019.0,725322.0
2116.0,4019.0,725424.0
2116.0,4019.0,725526.0
2116.0,4021.0,725628.0
2117.0,4019.0,725730.0
2118.0,4019.0,725832.0
2117.0,4019.0,725934.0
2118.0,4019.0,726036.0
2118.0,4019.0,726138.0
2117.0,4019.0,726240.0
2118.0,4019.0,726342.0
2118.0,4019.0,726444.0
2116.0,4019.0,726546.0
2117.0,4019.0,726648.0
2115.0,4020.0,726750.0
2114.0,4019.0,726852.0
2114.0,4022.0,726954.0
2116.0,4019.0,727056.0
2116.0,4019.0,727158.0
2117.0,4019.0,727260.0
2119.0,4021.0,727362.0
2120.0,4019.0,727464.0
2117.0,4019.0,727566.0
2119.0,4019.0,727668.0
2120.0,4019.0,727770.0
2118.0,4019.0,727872.0
2116.0,4020.0,727974.0
2118.0,4022.0,728076.0
2117.0,4019.0,728178.0
2118.0,4019.0,728280.0
2117.0,4019.0,728382.0
2117.0,4019.0,728484.0
2117.0,4019.0,728586.0
2118.0,4021.0,728688.0
2117.0,4021.0,728790.0
2117.0,4019.0,728892.0
2116.0,4019.0,728994.0
2117.0,4019.0,729096.0
2116.0,4019.0,729198.0
2117.0,4019.0,729300.0
2116.0,4019.0,729402.0
2115.0,4019.0,729504.0
2115.0,4021.0,729606.0
2117.0,4021.0,729708.0
2117.0,4019.0,729810.0
2117.0,4019.0,729912.0
2118.0,4021.0,730014.0
2118.0,4019.0,730116.0
2116.0,4019.0,730218.0
2114.0,4019.0,730320.0
2114.0,4019.0,730422.0
2114.0,4019.0,730524.0
2114.0,4019.0,730626.0
2114.0,4019.0,730728.0
2115.0,4021.0,730830.0
2116.0,4021.0,730932.0
2117.0,4019.0,731034.0
2119.0,4021.0,731136.0
2120.0,4019.0,731238.0
2118.0,4020.0,731340.0
2120.0,4019.0,731442.0
2118.0,4019.0,731544.0
2120.0,4019.0,731646.0
2119.0,4019.0,731748.0
2118.0,4019.0,731850.0
2116.0,4019.0,731952.0
2117.0,4019.0,732054.0
2116.0,4019.0,732156.0
2118.0,4019.0,732258.0
2116.0,4019.0,732360.0
2117.0,4019.0,732462.0
2118.0,4021.0,732564.0
2119.0,4019.0,732666.0
2120.0,4019.0,732768.0
2119.0,4019.0,732870.0
2120.0,4019.0,732972.0
2120.0,4019.0,733074.0
2118.0,4019.0,733176.0
2118.0,4019.0,733278.0
2118.0,4019.0,733380.0
2117.0,4019.0,733482.0
2119.0,4019.0,733584.0
2119.0,4021.0,733686.0
2118.0,4019.0,733788.0
2118.0,4019.0,733890.0
2117.0,4019.0,733992.0
2118.0,4019.0,734094.0
2117.0,4021.0,734196.0
2117.0,4019.0,734298.0
2116.0,4021.0,734400.0
2117.0,4019.0,734502.0
2116.0,4019.0,734604.0
2117.0,4019.0,734706.0
2116.0,4019.0,734808.0
2117.0,4019.0,734910.0
2117.0,4019.0,735012.0
2117.0,4019.0,735114.0
2116.0,4019.0,735216.0
2117.0,4019.0,735318.0
2117.0,4019.0,735420.0
2117.0,4019.0,735522.0
2118.0,4019.0,735624.0
2118.0,4021.0,735726.0
2118.0,4019.0,735828.0
2118.0,4019.0,735930.0
2117.0,4019.0,736032.0
2117.0,4019.0,736134.0
2118.0,4019.0,736236.0
2116.0,4019.0,736338.0
2117.0,4019.0,736440.0
2115.0,4019.0,736542.0
2116.0,4019.0,736644.0
2115.0,4019.0,736746.0
2113.0,4019.0,736848.0
2113.0,4019.0,736950.0
2113.0,4019.0,737052.0
2114.0,4019.0,737154.0
2115.0,4019.0,737256.0
2114.0,4019.0,737358.0
2114.0,4021.0,737460.0
2115.0,4019.0,737562.0
2114.0,4019.0,737664.0
2115.0,4019.0,737766.0
2114.0,4019.0,737868.0
2117.0,4021.0,737970.0
2116.0,4019.0,738072.0
2116.0,4019.0,738174.0
2115.0,4019.0,738276.0
2116.0,4019.0,738378.0
2118.0,4019.0,738480.0
2117.0,4019.0,738582.0
2117.0,4019.0,738684.0
2116.0,4019.0,738786.0
2117.0,4019.0,738888.0
2115.0,4021.0,738990.0
2117.0,4019.0,739092.0
2115.0,4019.0,739194.0
2117.0,4019.0,739296.0
2114.0,4019.0,739398.0
2116.0,4019.0,739500.0
2116.0,4019.0,739602.0
2116.0,4019.0,739704.0
2116.0,4019.0,739806.0
2117.0,4019.0,739908.0
2117.0,4021.0,740010.0
2117.0,4019.0,740112.0
2115.0,4019.0,740214.0
2116.0,4019.0,740316.0
2115.0,4019.0,740418.0
2116.0,4021.0,740520.0
2116.0,4019.0,740622.0
2114.0,4019.0,740724.0
2117.0,4021.0,740826.0
2120.0,4019.0,740928.0
2118.0,4019.0,741030.0
2118.0,4019.0,741132.0
2117.0,4019.0,741234.0
2116.0,4021.0,741336.0
2117.0,4019.0,741438.0
2119.0,4021.0,741540.0
2120.0,4019.0,741642.0
2118.0,4019.0,741744.0
2118.0,4019.0,741846.0
2117.0,4019.0,741948.0
2118.0,4019.0,742050.0
2117.0,4019.0,742152.0
2118.0,4019.0,742254.0
2119.0,4019.0,742356.0
2119.0,4019.0,742458.0
2118.0,4019.0,742560.0
2116.0,4019.0,742662.0
2115.0,4019.0,742764.0
2117.0,4019.0,742866.0
2117.0,4019.0,742968.0
2117.0,4019.0,743070.0
2118.0,4019.0,743172.0
2118.0,4019.0,743274.0
2116.0,4019.0,743376.0
2115.0,4019.0,743478.0
2117.0,4019.0,743580.0
2116.0,4021.0,743682.0
2117.0,4019.0,743784.0
2118.0,4019.0,743886.0
2119.0,4021.0,743988.0
2119.0,4021.0,744090.0
2118.0,4019.0,744192.0
2118.0,4019.0,744294.0
2117.0,4019.0,744396.0
2118.0,4019.0,744498.0
2116.0,4019.0,744600.0
2116.0,4020.0,744702.0
2119.0,4019.0,744804.0
2120.0,4021.0,744906.0
2120.0,4021.0,745008.0
2116.0,4019.0,745110.0
2116.0,4019.0,745212.0
2117.0,4019.0,745314.0
2117.0,4019.0,745416.0
2116.0,4019.0,745518.0
2117.0,4019.0,745620.0
2118.0,4019.0,745722.0
2120.0,4021.0,745824.0
2119.0,4019.0,745926.0
2119.0,4019.0,746028.0
2117.0,4019.0,746130.0
2118.0,4019.0,746232.0
2117.0,4019.0,746334.0
2116.0,4019.0,746436.0
2116.0,4019.0,746538.0
2119.0,4019.0,746640.0
2118.0,4019.0,746742.0
2119.0,4019.0,746844.0
2117.0,4019.0,746946.0
2118.0,4019.0,747048.0
2117.0,4019.0,747150.0
2115.0,4019.0,747252.0
2116.0,4019.0,747354.0
2114.0,4019.0,747456.0
2115.0,4019.0,747558.0
2115.0,4019.0,747660.0
2116.0,4019.0,747762.0
2113.0,4019.0,747864.0
2116.0,4019.0,747966.0
2116.0,4019.0,748068.0
2117.0,4019.0,748170.0
2117.0,4019.0,748272.0
2117.0,4021.0,748374.0
2117.0,4019.0,748476.0
2117.0,4019.0,748578.0
2116.0,4021.0,748680.0
2116.0,4021.0,748782.0
2117.0,4019.0,748884.0
2118.0,4019.0,748986.0
2116.0,4019.0,749088.0
2116.0,4019.0,749190.0
2116.0,4019.0,749292.0
2116.0,4019.0,749394.0
2118.0,4019.0,749496.0
2117.0,4019.0,749598.0
2118.0,4019.0,749700.0
2116.0,4021.0,749802.0
2117.0,4019.0,749904.0
2118.0,4019.0,750006.0
2117.0,4019.0,750108.0
2118.0,4019.0,750210.0
2117.0,4019.0,750312.0
2119.0,4022.0,750414.0
2118.0,4019.0,750516.0
2117.0,4019.0,750618.0
2116.0,4019.0,750720.0
2119.0,4020.0,750822.0
2116.0,4019.0,750924.0
2118.0,4019.0,751026.0
2118.0,4019.0,751128.0
2118.0,4019.0,751230.0
2117.0,4021.0,751332.0
2118.0,4019.0,751434.0
2117.0,4019.0,751536.0
2117.0,4019.0,751638.0
2117.0,4019.0,751740.0
2117.0,4019.0,751842.0
2118.0,4019.0,751944.0
2118.0,4019.0,752046.0
2118.0,4019.0,752148.0
2117.0,4019.0,752250.0
2120.0,4019.0,752352.0
2118.0,4019.0,752454.0
2119.0,4019.0,752556.0
2120.0,4019.0,752658.0
2120.0,4019.0,752760.0
2119.0,4021.0,752862.0
2119.0,4019.0,752964.0
2118.0,4019.0,753066.0
2118.0,4019.0,753168.0
2117.0,4019.0,753270.0
2118.0,4019.0,753372.0
2117.0,4021.0,753474.0
2118.0,4021.0,753576.0
2118.0,4019.0,753678.0
2119.0,4019.0,753780.0
2119.0,4019.0,753882.0
2120.0,4021.0,753984.0
2120.0,4019.0,754086.0
2120.0,4019.0,754188.0
2120.0,4019.0,754290.0
2119.0,4019.0,754392.0
2117.0,4019.0,754494.0
2115.0,4019.0,754596.0
2116.0,4019.0,754698.0
2115.0,4019.0,754800.0
2116.0,4019.0,754902.0
2115.0,4019.0,755004.0
2117.0,4019.0,755106.0
2116.0,4021.0,755208.0
2118.0,4021.0,755310.0
2117.0,4019.0,755412.0
2117.0,4019.0,755514.0
2119.0,4019.0,755616.0
2118.0,4019.0,755718.0
2121.0,4019.0,755820.0
2119.0,4019.0,755922.0
2120.0,4019.0,756024.0
2118.0,4019.0,756126.0
2119.0,4019.0,756228.0
2119.0,4019.0,756330.0
2121.0,4021.0,756432.0
2118.0,4019.0,756534.0
2121.0,4019.0,756636.0
2118.0,4019.0,756738.0
2118.0,4019.0,756840.0
2117.0,4019.0,756942.0
2118.0,4021.0,757044.0
2119.0,4019.0,757146.0
2118.0,4019.0,757248.0
2118.0,4019.0,757350.0
2117.0,4021.0,757452.0
2117.0,4021.0,757554.0
2117.0,4019.0,757656.0
2117.0,4019.0,757758.0
2118.0,4019.0,757860.0
2116.0,4019.0,757962.0
2118.0,4019.0,758064.0
2118.0,4019.0,758166.0
2118.0,4019.0,758268.0
2119.0,4019.0,758370.0
2119.0,4019.0,758472.0
2118.0,4019.0,758574.0
2120.0,4019.0,758676.0
2119.0,4019.0,758778.0
2118.0,4019.0,758880.0
2118.0,4019.0,758982.0
2118.0,4019.0,759084.0
2118.0,4019.0,759186.0
2118.0,4019.0,759288.0
2119.0,4020.0,759390.0
2119.0,4019.0,759492.0
2117.0,4021.0,759594.0
2119.0,4021.0,759696.0
2120.0,4019.0,759798.0
2118.0,4019.0,759900.0
2116.0,4019.0,760002.0
2116.0,4022.0,760104.0
2117.0,4019.0,760206.0
2117.0,4019.0,760308.0
2117.0,4019.0,760410.0
2119.0,4021.0,760512.0
2117.0,4022.0,760614.0
2118.0,4019.0,760716.0
2118.0,4019.0,760818.0
2118.0,4021.0,760920.0
2119.0,4019.0,761022.0
2116.0,4019.0,761124.0
2118.0,4021.0,761226.0
2116.0,4019.0,761328.0
2117.0,4019.0,761430.0
2116.0,4021.0,761532.0
2117.0,4019.0,761634.0
2117.0,4019.0,761736.0
2118.0,4019.0,761838.0
2117.0,4019.0,761940.0
2118.0,4019.0,762042.0
2117.0,4019.0,762144.0
2118.0,4019.0,762246.0
2118.0,4019.0,762348.0
2118.0,4019.0,762450.0
2118.0,4019.0,762552.0
2119.0,4019.0,762654.0
2118.0,4019.0,762756.0
2117.0,4021.0,762858.0
2118.0,4019.0,762960.0
2119.0,4019.0,763062.0
2118.0,4019.0,763164.0
2120.0,4020.0,763266.0
2118.0,4019.0,763368.0
2119.0,4019.0,763470.0
2119.0,4019.0,763572.0
2120.0,4019.0,763674.0
2119.0,4019.0,763776.0
2119.0,4019.0,763878.0
2118.0,4019.0,763980.0
2121.0,4019.0,764082.0
2120.0,4019.0,764184.0
2118.0,4019.0,764286.0
2119.0,4021.0,764388.0
2118.0,4019.0,764490.0
2119.0,4019.0,764592.0
2119.0,4019.0,764694.0
2118.0,4019.0,764796.0
2118.0,4019.0,764898.0
2117.0,4019.0,765000.0
2117.0,4019.0,765102.0
2120.0,4019.0,765204.0
2118.0,4021.0,765306.0
2118.0,4019.0,765408.0
2120.0,4019.0,765510.0
2119.0,4019.0,765612.0
2118.0,4019.0,765714.0
2118.0,4020.0,765816.0
2117.0,4019.0,765918.0
2118.0,4021.0,766020.0
2118.0,4019.0,766122.0
2118.0,4019.0,766224.0
2116.0,4019.0,766326.0
2119.0,4019.0,766428.0
2117.0,4019.0,766530.0
2117.0,4019.0,766632.0
2117.0,4019.0,766734.0
2120.0,4019.0,766836.0
2117.0,4019.0,766938.0
2119.0,4019.0,767040.0
2118.0,4019.0,767142.0
2117.0,4019.0,767244.0
2118.0,4019.0,767346.0
2117.0,4019.0,767448.0
2117.0,4019.0,767550.0
2118.0,4019.0,767652.0
2117.0,4019.0,767754.0
2120.0,4021.0,767856.0
2116.0,4021.0,767958.0
2118.0,4019.0,768060.0
2115.0,4021.0,768162.0
2116.0,4019.0,768264.0
2116.0,4019.0,768366.0
2117.0,4019.0,768468.0
2117.0,4019.0,768570.0
2118.0,4019.0,768672.0
2118.0,4021.0,768774.0
2119.0,4019.0,768876.0
2118.0,4019.0,768978.0
2117.0,4019.0,769080.0
2115.0,4019.0,769182.0
2118.0,4019.0,769284.0
2118.0,4019.0,769386.0
2118.0,4019.0,769488.0
2115.0,4021.0,769590.0
2115.0,4020.0,769692.0
2115.0,4019.0,769794.0
2116.0,4019.0,769896.0
2118.0,4019.0,769998.0
2118.0,4019.0,770100.0
2116.0,4019.0,770202.0
2115.0,4019.0,770304.0
2119.0,4019.0,770406.0
2114.0,4021.0,770508.0
2116.0,4020.0,770610.0
2116.0,4021.0,770712.0
2116.0,4019.0,770814.0
2114.0,4019.0,770916.0
2118.0,4019.0,771018.0
2116.0,4019.0,771120.0
2116.0,4019.0,771222.0
2115.0,4019.0,771324.0
2115.0,4021.0,771426.0
2115.0,4021.0,771528.0
2116.0,4019.0,771630.0
2117.0,4019.0,771732.0
2116.0,4021.0,771834.0
2116.0,4019.0,771936.0
2116.0,4022.0,772038.0
2115.0,4019.0,772140.0
2115.0,4021.0,772242.0
2116.0,4019.0,772344.0
2115.0,4019.0,772446.0
2116.0,4021.0,772548.0
2115.0,4019.0,772650.0
2118.0,4019.0,772752.0
2116.0,4019.0,772854.0
2115.0,4019.0,772956.0
2114.0,4019.0,773058.0
2114.0,4019.0,773160.0
2115.0,4019.0,773262.0
2115.0,4021.0,773364.0
2114.0,4019.0,773466.0
2113.0,4019.0,773568.0
2114.0,4019.0,773670.0
2117.0,4019.0,773772.0
2115.0,4019.0,773874.0
2113.0,4019.0,773976.0
2115.0,4019.0,774078.0
2116.0,4019.0,774180.0
2115.0,4019.0,774282.0
2115.0,4019.0,774384.0
2117.0,4019.0,774486.0
2116.0,4021.0,774588.0
2116.0,4021.0,774690.0
2116.0,4019.0,774792.0
2115.0,4021.0,774894.0
2117.0,4021.0,774996.0
2117.0,4019.0,775098.0
2118.0,4019.0,775200.0
2115.0,4021.0,775302.0
2115.0,4019.0,775404.0
2113.0,4019.0,775506.0
2116.0,4019.0,775608.0
2113.0,4021.0,775710.0
2117.0,4019.0,775812.0
2117.0,4019.0,775914.0
2117.0,4021.0,776016.0
2115.0,4019.0,776118.0
2116.0,4019.0,776220.0
2115.0,4019.0,776322.0
2117.0,4019.0,776424.0
2115.0,4019.0,776526.0
2114.0,4020.0,776628.0
2114.0,4019.0,776730.0
2113.0,4019.0,776832.0
2114.0,4019.0,776934.0
2115.0,4019.0,777036.0
2116.0,4019.0,777138.0
2115.0,4019.0,777240.0
2115.0,4019.0,777342.0
2118.0,4022.0,777444.0
2116.0,4019.0,777546.0
2115.0,4019.0,777648.0
2116.0,4019.0,777750.0
2115.0,4021.0,777852.0
2112.0,4020.0,777954.0
2116.0,4019.0,778056.0
2115.0,4019.0,778158.0
2115.0,4019.0,778260.0
2114.0,4021.0,778362.0
2113.0,4019.0,778464.0
2115.0,4019.0,778566.0
2114.0,4019.0,778668.0
2114.0,4019.0,778770.0
2114.0,4019.0,778872.0
2116.0,4019.0,778974.0
2118.0,4019.0,779076.0
2117.0,4019.0,779178.0
2116.0,4019.0,779280.0
2115.0,4019.0,779382.0
2115.0,4019.0,779484.0
2116.0,4019.0,779586.0
2114.0,4019.0,779688.0
2115.0,4019.0,779790.0
2113.0,4019.0,779892.0
2114.0,4019.0,779994.0
2113.0,4019.0,780096.0
2114.0,4021.0,780198.0
2112.0,4019.0,780300.0
2115.0,4019.0,780402.0
2113.0,4021.0,780504.0
2113.0,4019.0,780606.0
2113.0,4019.0,780708.0
2114.0,4019.0,780810.0
2115.0,4019.0,780912.0
2113.0,4019.0,781014.0
2114.0,4019.0,781116.0
2113.0,4019.0,781218.0
2114.0,4019.0,781320.0
2113.0,4021.0,781422.0
2112.0,4019.0,781524.0
2113.0,4019.0,781626.0
2113.0,4019.0,781728.0
2114.0,4019.0,781830.0
2114.0,4019.0,781932.0
2114.0,4019.0,782034.0
2113.0,4021.0,782136.0
2115.0,4021.0,782238.0
2114.0,4019.0,782340.0
2114.0,4021.0,782442.0
2114.0,4019.0,782544.0
2114.0,4019.0,782646.0
2116.0,4019.0,782748.0
2115.0,4019.0,782850.0
2113.0,4019.0,782952.0
2113.0,4019.0,783054.0
2114.0,4019.0,783156.0
2114.0,4021.0,783258.0
2115.0,4021.0,783360.0
2113.0,4019.0,783462.0
2115.0,4019.0,783564.0
2114.0,4019.0,783666.0
2113.0,4019.0,783768.0
2114.0,4019.0,783870.0
2113.0,4019.0,783972.0
2116.0,4019.0,784074.0
2116.0,4021.0,784176.0
2115.0,4019.0,784278.0
2113.0,4019.0,784380.0
2115.0,4019.0,784482.0
2114.0,4019.0,784584.0
2115.0,4019.0,784686.0
2114.0,4019.0,784788.0
2115.0,4019.0,784890.0
2112.0,4019.0,784992.0
2115.0,4021.0,785094.0
2112.0,4019.0,785196.0
2114.0,4021.0,785298.0
2113.0,4019.0,785400.0
2115.0,4019.0,785502.0
2115.0,4019.0,785604.0
2112.0,4019.0,785706.0
2115.0,4019.0,785808.0
2114.0,4019.0,785910.0
2115.0,4019.0,786012.0
2114.0,4019.0,786114.0
2114.0,4020.0,786216.0
2112.0,4019.0,786318.0
2114.0,4019.0,786420.0
2114.0,4022.0,786522.0
2112.0,4019.0,786624.0
2114.0,4019.0,786726.0
2114.0,4021.0,786828.0
2113.0,4019.0,786930.0
2114.0,4019.0,787032.0
2113.0,4019.0,787134.0
2112.0,4019.0,787236.0
2114.0,4021.0,787338.0
2113.0,4019.0,787440.0
2113.0,4019.0,787542.0
2114.0,4020.0,787644.0
2114.0,4019.0,787746.0
2114.0,4020.0,787848.0
2115.0,4019.0,787950.0
2116.0,4019.0,788052.0
2114.0,4019.0,788154.0
2113.0,4022.0,788256.0
2112.0,4019.0,788358.0
2113.0,4021.0,788460.0
2113.0,4019.0,788562.0
2114.0,4019.0,788664.0
2115.0,4019.0,788766.0
2115.0,4019.0,788868.0
2115.0,4019.0,788970.0
2114.0,4019.0,789072.0
2113.0,4019.0,789174.0
2114.0,4019.0,789276.0
2114.0,4019.0,789378.0
2113.0,4019.0,789480.0
2115.0,4019.0,789582.0
2115.0,4019.0,789684.0
2114.0,4022.0,789786.0
2112.0,4019.0,789888.0
2112.0,4019.0,789990.0
2113.0,4019.0,790092.0
2115.0,4019.0,790194.0
2113.0,4021.0,790296.0
2113.0,4019.0,790398.0
2114.0,4019.0,790500.0
2113.0,4019.0,790602.0
2113.0,4019.0,790704.0
2114.0,4019.0,790806.0
2112.0,4020.0,790908.0
2114.0,4019.0,791010.0
2112.0,4019.0,791112.0
2112.0,4019.0,791214.0
2112.0,4021.0,791316.0
2113.0,4019.0,791418.0
2113.0,4021.0,791520.0
2115.0,4019.0,791622.0
2115.0,4019.0,791724.0
2115.0,4019.0,791826.0
2114.0,4019.0,791928.0
2115.0,4019.0,792030.0
2115.0,4019.0,792132.0
2116.0,4019.0,792234.0
2116.0,4021.0,792336.0
2117.0,4019.0,792438.0
2117.0,4019.0,792540.0
2117.0,4019.0,792642.0
2116.0,4019.0,792744.0
2118.0,4019.0,792846.0
2114.0,4019.0,792948.0
2113.0,4019.0,793050.0
2112.0,4019.0,793152.0
2112.0,4019.0,793254.0
2113.0,4019.0,793356.0
2113.0,4019.0,793458.0
2112.0,4019.0,793560.0
2114.0,4019.0,793662.0
2116.0,4019.0,793764.0
2116.0,4019.0,793866.0
2115.0,4019.0,793968.0
2116.0,4019.0,794070.0
2117.0,4019.0,794172.0
2116.0,4019.0,794274.0
2116.0,4019.0,794376.0
2114.0,4019.0,794478.0
2113.0,4019.0,794580.0
2112.0,4019.0,794682.0
2114.0,4019.0,794784.0
2113.0,4019.0,794886.0
2113.0,4019.0,794988.0
2112.0,4019.0,795090.0
2114.0,4021.0,795192.0
2116.0,4019.0,795294.0
2117.0,4019.0,795396.0
2114.0,4019.0,795498.0
2115.0,4019.0,795600.0
2112.0,4019.0,795702.0
2113.0,4019.0,795804.0
2113.0,4019.0,795906.0
2113.0,4019.0,796008.0
2114.0,4019.0,796110.0
2114.0,4019.0,796212.0
2112.0,4019.0,796314.0
2114.0,4019.0,796416.0
2114.0,4019.0,796518.0
2114.0,4019.0,796620.0
2113.0,4021.0,796722.0
2115.0,4021.0,796824.0
2114.0,4019.0,796926.0
2114.0,4019.0,797028.0
2114.0,4019.0,797130.0
2113.0,4019.0,797232.0
2112.0,4019.0,797334.0
2116.0,4022.0,797436.0
2115.0,4022.0,797538.0
2116.0,4019.0,797640.0
2115.0,4019.0,797742.0
2113.0,4019.0,797844.0
2114.0,4019.0,797946.0
2115.0,4019.0,798048.0
2114.0,4019.0,798150.0
2116.0,4019.0,798252.0
2115.0,4019.0,798354.0
2116.0,4021.0,798456.0
2114.0,4022.0,798558.0
2113.0,4019.0,798660.0
2114.0,4019.0,798762.0
2113.0,4019.0,798864.0
2113.0,4019.0,798966.0
2115.0,4019.0,799068.0
2115.0,4019.0,799170.0
2114.0,4019.0,799272.0
2115.0,4021.0,799374.0
2114.0,4021.0,799476.0
2115.0,4019.0,799578.0
2116.0,4019.0,799680.0
2114.0,4019.0,799782.0
2113.0,4019.0,799884.0
2114.0,4019.0,799986.0
2114.0,4019.0,800088.0
2114.0,4019.0,800190.0
2115.0,4019.0,800292.0
2114.0,4019.0,800394.0
2114.0,4019.0,800496.0
2112.0,4019.0,800598.0
2114.0,4019.0,800700.0
2113.0,4019.0,800802.0
2115.0,4021.0,800904.0
2116.0,4022.0,801006.0
2116.0,4019.0,801108.0
2116.0,4019.0,801210.0
2114.0,4019.0,801312.0
2115.0,4019.0,801414.0
2114.0,4019.0,801516.0
2115.0,4019.0,801618.0
2115.0,4022.0,801720.0
2114.0,4021.0,801822.0
2113.0,4019.0,801924.0
2113.0,4019.0,802026.0
2115.0,4019.0,802128.0
2116.0,4019.0,802230.0
2115.0,4021.0,802332.0
2115.0,4019.0,802434.0
2115.0,4019.0,802536.0
2114.0,4019.0,802638.0
2115.0,4020.0,802740.0
2115.0,4019.0,802842.0
2114.0,4021.0,802944.0
2113.0,4019.0,803046.0
2115.0,4019.0,803148.0
2114.0,4019.0,803250.0
2115.0,4022.0,803352.0
2115.0,4019.0,803454.0
2115.0,4019.0,803556.0
2114.0,4019.0,803658.0
2114.0,4021.0,803760.0
2115.0,4019.0,803862.0
2115.0,4019.0,803964.0
2115.0,4021.0,804066.0
2114.0,4019.0,804168.0
2114.0,4019.0,804270.0
2114.0,4019.0,804372.0
2115.0,4019.0,804474.0
2114.0,4019.0,804576.0
2113.0,4019.0,804678.0
2113.0,4019.0,804780.0
2111.0,4019.0,804882.0
2110.0,4019.0,804984.0
2108.0,4019.0,805086.0
2110.0,4019.0,805188.0
2111.0,4019.0,805290.0
2109.0,4019.0,805392.0
2111.0,4019.0,805494.0
2109.0,4019.0,805596.0
2109.0,4019.0,805698.0
2110.0,4019.0,805800.0
2110.0,4019.0,805902.0
2110.0,4019.0,806004.0
2112.0,4019.0,806106.0
2111.0,4021.0,806208.0
2111.0,4019.0,806310.0
2109.0,4019.0,806412.0
2111.0,4021.0,806514.0
2111.0,4022.0,806616.0
2112.0,4019.0,806718.0
2112.0,4019.0,806820.0
2112.0,4022.0,806922.0
2112.0,4019.0,807024.0
2112.0,4019.0,807126.0
2110.0,4019.0,807228.0
2112.0,4019.0,807330.0
2112.0,4019.0,807432.0
2112.0,4019.0,807534.0
2113.0,4019.0,807636.0
2112.0,4019.0,807738.0
2113.0,4019.0,807840.0
2111.0,4019.0,807942.0
2111.0,4019.0,808044.0
2113.0,4019.0,808146.0
2112.0,4022.0,808248.0
2112.0,4021.0,808350.0
2114.0,4019.0,808452.0
2112.0,4019.0,808554.0
2111.0,4019.0,808656.0
2112.0,4019.0,808758.0
2113.0,4019.0,808860.0
2112.0,4019.0,808962.0
2112.0,4020.0,809064.0
2112.0,4019.0,809166.0
2113.0,4019.0,809268.0
2112.0,4019.0,809370.0
2114.0,4019.0,809472.0
2114.0,4019.0,809574.0
2114.0,4019.0,809676.0
2113.0,4019.0,809778.0
2112.0,4019.0,809880.0
2115.0,4019.0,809982.0
2113.0,4019.0,810084.0
2113.0,4019.0,810186.0
2114.0,4021.0,810288.0
2112.0,4019.0,810390.0
2114.0,4019.0,810492.0
2113.0,4019.0,810594.0
2114.0,4019.0,810696.0
2113.0,4019.0,810798.0
2114.0,4019.0,810900.0
2113.0,4019.0,811002.0
2114.0,4019.0,811104.0
2113.0,4019.0,811206.0
2115.0,4021.0,811308.0
2115.0,4019.0,811410.0
2116.0,4019.0,811512.0
2116.0,4019.0,811614.0
2115.0,4021.0,811716.0
2115.0,4019.0,811818.0
2115.0,4021.0,811920.0
2116.0,4019.0,812022.0
2116.0,4019.0,812124.0
2114.0,4021.0,812226.0
